coin,ticker,event_ticker,rank,favored_side,entry_price,opened_at,result,won,pnl,closed_at
HYPE,KXHYPED-26SEP1904-T94.4999,KXHYPED-26SEP1904,5,no,0.99,2026-09-19T07:48:54.421753+00:00,no,True,0.01,2026-09-19T08:47:46.594222+00:00
HYPE,KXHYPED-26SEP1904-T93.7499,KXHYPED-26SEP1904,6,no,0.98,2026-09-19T07:48:54.421832+00:00,no,True,0.02,2026-09-19T08:47:46.594326+00:00
HYPE,KXHYPED-26SEP1904-T93.4999,KXHYPED-26SEP1904,9,no,0.98,2026-09-19T07:48:54.421887+00:00,no,True,0.02,2026-09-19T08:47:46.594410+00:00
HYPE,KXHYPED-26SEP1904-T92.4999,KXHYPED-26SEP1904,7,yes,0.98,2026-09-19T07:48:54.421940+00:00,yes,True,0.02,2026-09-19T08:47:46.594484+00:00
HYPE,KXHYPED-26SEP1904-T92.2499,KXHYPED-26SEP1904,10,yes,0.99,2026-09-19T07:48:54.421993+00:00,yes,True,0.01,2026-09-19T08:47:46.594559+00:00
HYPE,KXHYPED-26SEP1904-T91.9999,KXHYPED-26SEP1904,8,yes,0.99,2026-09-19T07:48:54.422044+00:00,yes,True,0.01,2026-09-19T08:47:46.594628+00:00
SOL,KXSOLD-26SEP1904-T99.9999,KXSOLD-26SEP1904,7,yes,0.99,2026-09-19T07:48:54.493726+00:00,yes,True,0.01,2026-09-19T08:47:46.594915+00:00
SOL,KXSOLD-26SEP1904-T99.7499,KXSOLD-26SEP1904,8,yes,0.99,2026-09-19T07:48:54.493800+00:00,yes,True,0.01,2026-09-19T08:47:46.595006+00:00
SOL,KXSOLD-26SEP1904-T99.4999,KXSOLD-26SEP1904,9,yes,0.99,2026-09-19T07:48:54.493855+00:00,yes,True,0.01,2026-09-19T08:47:46.595076+00:00
SOL,KXSOLD-26SEP1904-T112.4999,KXSOLD-26SEP1904,6,no,0.97,2026-09-19T07:48:54.493904+00:00,no,True,0.03,2026-09-19T08:47:46.595140+00:00
SOL,KXSOLD-26SEP1904-T112.2499,KXSOLD-26SEP1904,4,no,0.97,2026-09-19T07:48:54.493952+00:00,no,True,0.03,2026-09-19T08:47:46.595205+00:00
SOL,KXSOLD-26SEP1904-T111.9999,KXSOLD-26SEP1904,3,no,0.95,2026-09-19T07:48:54.493999+00:00,no,True,0.05,2026-09-19T08:47:46.595269+00:00
SOL,KXSOLD-26SEP1904-T111.2499,KXSOLD-26SEP1904,5,yes,0.98,2026-09-19T07:48:54.494045+00:00,yes,True,0.02,2026-09-19T08:47:46.595330+00:00
HYPE,KXHYPED-26SEP1905-T93.7499,KXHYPED-26SEP1905,9,no,0.99,2026-09-19T08:47:46.663562+00:00,no,True,0.01,2026-09-19T11:48:44.919196+00:00
HYPE,KXHYPED-26SEP1905-T92.4999,KXHYPED-26SEP1905,5,no,0.61,2026-09-19T08:47:46.663624+00:00,no,True,0.39,2026-09-19T11:48:44.919248+00:00
HYPE,KXHYPED-26SEP1905-T92.2499,KXHYPED-26SEP1905,8,yes,0.75,2026-09-19T08:47:46.663677+00:00,no,False,-0.75,2026-09-19T11:48:44.919280+00:00
HYPE,KXHYPED-26SEP1905-T91.9999,KXHYPED-26SEP1905,6,yes,0.96,2026-09-19T08:47:46.663727+00:00,no,False,-0.96,2026-09-19T11:48:44.919310+00:00
HYPE,KXHYPED-26SEP1905-T91.7499,KXHYPED-26SEP1905,7,yes,0.99,2026-09-19T08:47:46.663776+00:00,yes,True,0.01,2026-09-19T11:48:44.919341+00:00
SOL,KXSOLD-26SEP1905-T99.9999,KXSOLD-26SEP1905,9,yes,0.99,2026-09-19T08:47:46.817118+00:00,yes,True,0.01,2026-09-19T11:48:44.919371+00:00
SOL,KXSOLD-26SEP1905-T112.7499,KXSOLD-26SEP1905,6,no,0.96,2026-09-19T08:47:46.817179+00:00,no,True,0.04,2026-09-19T11:48:44.919400+00:00
SOL,KXSOLD-26SEP1905-T111.9999,KXSOLD-26SEP1905,4,yes,0.86,2026-09-19T08:47:46.817231+00:00,yes,True,0.14,2026-09-19T11:48:44.919429+00:00
SOL,KXSOLD-26SEP1905-T111.7499,KXSOLD-26SEP1905,3,yes,0.97,2026-09-19T08:47:46.817279+00:00,yes,True,0.03,2026-09-19T11:48:44.919459+00:00
SOL,KXSOLD-26SEP1905-T111.4999,KXSOLD-26SEP1905,5,yes,0.97,2026-09-19T08:47:46.817328+00:00,yes,True,0.03,2026-09-19T11:48:44.919488+00:00
SOL,KXSOLD-26SEP1905-T111.2499,KXSOLD-26SEP1905,7,yes,0.98,2026-09-19T08:47:46.817375+00:00,yes,True,0.02,2026-09-19T11:48:44.919519+00:00
SOL,KXSOLD-26SEP1905-T110.9999,KXSOLD-26SEP1905,8,yes,0.97,2026-09-19T08:47:46.817422+00:00,yes,True,0.03,2026-09-19T11:48:44.919549+00:00
SOL,KXSOLD-26SEP1908-T112.2499,KXSOLD-26SEP1908,4,no,0.96,2026-09-19T11:48:45.109503+00:00,no,True,0.04,2026-09-19T14:50:42.234583+00:00
SOL,KXSOLD-26SEP1908-T111.9999,KXSOLD-26SEP1908,5,no,0.81,2026-09-19T11:48:45.109548+00:00,no,True,0.1899999999999999,2026-09-19T14:50:42.234666+00:00
SOL,KXSOLD-26SEP1908-T111.4999,KXSOLD-26SEP1908,3,yes,0.93,2026-09-19T11:48:45.109577+00:00,yes,True,0.0699999999999999,2026-09-19T14:50:42.234772+00:00
SOL,KXSOLD-26SEP1908-T110.9999,KXSOLD-26SEP1908,6,yes,0.97,2026-09-19T11:48:45.109602+00:00,yes,True,0.03,2026-09-19T14:50:42.234850+00:00
HYPE,KXHYPED-26SEP1911-T93.4999,KXHYPED-26SEP1911,6,no,0.99,2026-09-19T14:50:42.318216+00:00,no,True,0.01,2026-09-19T17:29:38.891412+00:00
HYPE,KXHYPED-26SEP1911-T92.2499,KXHYPED-26SEP1911,5,yes,0.99,2026-09-19T14:50:42.318283+00:00,yes,True,0.01,2026-09-19T17:29:38.891465+00:00
HYPE,KXHYPED-26SEP1911-T91.9999,KXHYPED-26SEP1911,7,yes,0.99,2026-09-19T14:50:42.318336+00:00,yes,True,0.01,2026-09-19T17:29:38.891515+00:00
HYPE,KXHYPED-26SEP1911-T91.7499,KXHYPED-26SEP1911,8,yes,0.99,2026-09-19T14:50:42.318386+00:00,yes,True,0.01,2026-09-19T17:29:38.891551+00:00
SOL,KXSOLD-26SEP1911-T112.4999,KXSOLD-26SEP1911,5,no,0.97,2026-09-19T14:50:42.371578+00:00,no,True,0.03,2026-09-19T17:29:38.891587+00:00
SOL,KXSOLD-26SEP1911-T112.2499,KXSOLD-26SEP1911,3,no,0.97,2026-09-19T14:50:42.371642+00:00,no,True,0.03,2026-09-19T17:29:38.891621+00:00
SOL,KXSOLD-26SEP1911-T111.2499,KXSOLD-26SEP1911,6,yes,0.97,2026-09-19T14:50:42.371776+00:00,yes,True,0.03,2026-09-19T17:29:38.891654+00:00
SOL,KXSOLD-26SEP1911-T110.9999,KXSOLD-26SEP1911,7,yes,0.97,2026-09-19T14:50:42.371838+00:00,yes,True,0.03,2026-09-19T17:29:38.891686+00:00
HYPE,KXHYPED-26SEP1914-T93.9999,KXHYPED-26SEP1914,6,no,0.94,2026-09-19T17:29:39.012331+00:00,no,True,0.06,2026-09-19T19:31:03.296442+00:00
HYPE,KXHYPED-26SEP1914-T93.4999,KXHYPED-26SEP1914,7,no,0.99,2026-09-19T17:29:39.012374+00:00,no,True,0.01,2026-09-19T19:31:03.296539+00:00
HYPE,KXHYPED-26SEP1914-T92.4999,KXHYPED-26SEP1914,5,no,0.84,2026-09-19T17:29:39.012402+00:00,no,True,0.16,2026-09-19T19:31:03.296612+00:00
HYPE,KXHYPED-26SEP1914-T92.2499,KXHYPED-26SEP1914,8,no,0.64,2026-09-19T17:29:39.012427+00:00,no,True,0.36,2026-09-19T19:31:03.296684+00:00
SOL,KXSOLD-26SEP1914-T112.4999,KXSOLD-26SEP1914,6,no,0.93,2026-09-19T17:29:39.113870+00:00,no,True,0.0699999999999999,2026-09-19T19:31:03.296748+00:00
SOL,KXSOLD-26SEP1914-T111.7499,KXSOLD-26SEP1914,3,no,0.66,2026-09-19T17:29:39.113912+00:00,no,True,0.3399999999999999,2026-09-19T19:31:03.296809+00:00
SOL,KXSOLD-26SEP1914-T111.2499,KXSOLD-26SEP1914,5,yes,0.78,2026-09-19T17:29:39.113961+00:00,yes,True,0.2199999999999999,2026-09-19T19:31:03.296868+00:00
SOL,KXSOLD-26SEP1914-T110.9999,KXSOLD-26SEP1914,7,yes,0.91,2026-09-19T17:29:39.113985+00:00,yes,True,0.0899999999999999,2026-09-19T19:31:03.296934+00:00
HYPE,KXHYPED-26SEP1917-T98.9999,KXHYPED-26SEP1917,10,no,0.96,2026-09-19T07:48:54.422094+00:00,no,True,0.04,2026-09-19T21:41:13.911555+00:00
HYPE,KXHYPED-26SEP1917-T90.9999,KXHYPED-26SEP1917,9,yes,0.76,2026-09-19T07:48:54.422220+00:00,yes,True,0.24,2026-09-19T21:41:13.911660+00:00
HYPE,KXHYPED-26SEP1917-T89.9999,KXHYPED-26SEP1917,7,yes,0.85,2026-09-19T07:48:54.422269+00:00,yes,True,0.15,2026-09-19T21:41:13.911747+00:00
HYPE,KXHYPED-26SEP1917-T88.9999,KXHYPED-26SEP1917,5,yes,0.9,2026-09-19T07:48:54.422317+00:00,yes,True,0.0999999999999999,2026-09-19T21:41:13.911823+00:00
SOL,KXSOLD-26SEP1917-T118.9999,KXSOLD-26SEP1917,5,no,0.96,2026-09-19T07:48:54.494090+00:00,no,True,0.04,2026-09-19T21:41:13.911901+00:00
SOL,KXSOLD-26SEP1917-T116.9999,KXSOLD-26SEP1917,8,no,0.94,2026-09-19T07:48:54.494136+00:00,no,True,0.06,2026-09-19T21:41:13.911975+00:00
SOL,KXSOLD-26SEP1917-T115.9999,KXSOLD-26SEP1917,4,no,0.93,2026-09-19T07:48:54.494182+00:00,no,True,0.0699999999999999,2026-09-19T21:41:13.912050+00:00
SOL,KXSOLD-26SEP1917-T114.9999,KXSOLD-26SEP1917,6,no,0.87,2026-09-19T07:48:54.494228+00:00,no,True,0.13,2026-09-19T21:41:13.912137+00:00
SOL,KXSOLD-26SEP1917-T108.9999,KXSOLD-26SEP1917,3,yes,0.9,2026-09-19T07:48:54.494310+00:00,yes,True,0.0999999999999999,2026-09-19T21:41:13.912205+00:00
SOL,KXSOLD-26SEP1917-T106.9999,KXSOLD-26SEP1917,7,yes,0.96,2026-09-19T07:48:54.494357+00:00,yes,True,0.04,2026-09-19T21:41:13.912270+00:00
XRP,KXXRPD-26SEP1917-T1.6799,KXXRPD-26SEP1917,11,no,0.95,2026-09-19T07:48:54.590238+00:00,no,True,0.05,2026-09-19T21:41:13.912618+00:00
XRP,KXXRPD-26SEP1917-T1.4999,KXXRPD-26SEP1917,8,no,0.94,2026-09-19T07:48:54.590304+00:00,no,True,0.06,2026-09-19T21:41:13.912683+00:00
XRP,KXXRPD-26SEP1917-T1.3999,KXXRPD-26SEP1917,9,yes,0.6,2026-09-19T07:48:54.590362+00:00,yes,True,0.4,2026-09-19T21:41:13.912744+00:00
XRP,KXXRPD-26SEP1917-T1.3399,KXXRPD-26SEP1917,10,yes,0.95,2026-09-19T07:48:54.590410+00:00,yes,True,0.05,2026-09-19T21:41:13.912839+00:00
DOGE,KXDOGED-26SEP1917-T0.0799999,KXDOGED-26SEP1917,5,yes,0.98,2026-09-19T07:48:54.660017+00:00,yes,True,0.02,2026-09-19T21:41:13.913118+00:00
HYPE,KXHYPED-26SEP1917-T92.9999,KXHYPED-26SEP1917,7,no,0.67,2026-09-19T11:48:45.046573+00:00,no,True,0.3299999999999999,2026-09-19T21:41:13.913229+00:00
XRP,KXXRPD-26SEP1917-T1.3599,KXXRPD-26SEP1917,8,yes,0.96,2026-09-19T11:48:45.312798+00:00,yes,True,0.04,2026-09-19T21:41:13.913462+00:00
XRP,KXXRPD-26SEP1917-T1.5599,KXXRPD-26SEP1917,12,no,0.96,2026-09-19T14:50:42.476272+00:00,no,True,0.04,2026-09-19T21:41:13.913524+00:00
XRP,KXXRPD-26SEP1917-T1.5399,KXXRPD-26SEP1917,11,no,0.96,2026-09-19T14:50:42.476336+00:00,no,True,0.04,2026-09-19T21:41:13.913592+00:00
SOL,KXSOLD-26SEP1917-T111.9999,KXSOLD-26SEP1917,5,no,0.68,2026-09-19T17:29:39.114057+00:00,no,True,0.3199999999999999,2026-09-19T21:41:13.913652+00:00
SOL,KXSOLD-26SEP1917-T109.9999,KXSOLD-26SEP1917,8,yes,0.89,2026-09-19T17:29:39.114081+00:00,yes,True,0.1099999999999999,2026-09-19T21:41:13.913712+00:00
HYPE,KXHYPED-26SEP1916-T92.9999,KXHYPED-26SEP1916,7,no,0.95,2026-09-19T19:31:03.403940+00:00,no,True,0.05,2026-09-19T21:41:13.913822+00:00
HYPE,KXHYPED-26SEP1916-T92.7499,KXHYPED-26SEP1916,5,no,0.79,2026-09-19T19:31:03.404002+00:00,no,True,0.2099999999999999,2026-09-19T21:41:13.913881+00:00
HYPE,KXHYPED-26SEP1916-T91.4999,KXHYPED-26SEP1916,6,yes,0.99,2026-09-19T19:31:03.404054+00:00,yes,True,0.01,2026-09-19T21:41:13.913940+00:00
SOL,KXSOLD-26SEP1916-T111.4999,KXSOLD-26SEP1916,5,no,0.69,2026-09-19T19:31:03.510505+00:00,no,True,0.31,2026-09-19T21:41:13.914001+00:00
SOL,KXSOLD-26SEP1916-T110.7499,KXSOLD-26SEP1916,4,yes,0.95,2026-09-19T19:31:03.510650+00:00,yes,True,0.05,2026-09-19T21:41:13.914060+00:00
SOL,KXSOLD-26SEP1916-T110.4999,KXSOLD-26SEP1916,6,yes,0.96,2026-09-19T19:31:03.510701+00:00,yes,True,0.04,2026-09-19T21:41:13.914118+00:00
SOL,KXSOLD-26SEP1917-T110.9999,KXSOLD-26SEP1917,3,yes,0.68,2026-09-19T19:31:03.510865+00:00,yes,True,0.3199999999999999,2026-09-19T21:41:13.914176+00:00
HYPE,KXHYPED-26SEP1918-T92.9999,KXHYPED-26SEP1918,9,no,0.99,2026-09-19T21:41:13.975146+00:00,no,True,0.01,2026-09-19T23:33:34.284794+00:00
HYPE,KXHYPED-26SEP1918-T92.7499,KXHYPED-26SEP1918,7,no,0.99,2026-09-19T21:41:13.975208+00:00,no,True,0.01,2026-09-19T23:33:34.284894+00:00
HYPE,KXHYPED-26SEP1918-T92.4999,KXHYPED-26SEP1918,8,no,0.98,2026-09-19T21:41:13.975262+00:00,no,True,0.02,2026-09-19T23:33:34.284963+00:00
HYPE,KXHYPED-26SEP1918-T91.9999,KXHYPED-26SEP1918,5,no,0.95,2026-09-19T21:41:13.975354+00:00,no,True,0.05,2026-09-19T23:33:34.285026+00:00
HYPE,KXHYPED-26SEP1918-T90.9999,KXHYPED-26SEP1918,6,yes,0.87,2026-09-19T21:41:13.975432+00:00,yes,True,0.13,2026-09-19T23:33:34.285090+00:00
HYPE,KXHYPED-26SEP1918-T90.7499,KXHYPED-26SEP1918,10,yes,0.96,2026-09-19T21:41:13.975485+00:00,yes,True,0.04,2026-09-19T23:33:34.285160+00:00
SOL,KXSOLD-26SEP1918-T111.7499,KXSOLD-26SEP1918,8,no,0.97,2026-09-19T21:41:14.029203+00:00,no,True,0.03,2026-09-19T23:33:34.285390+00:00
SOL,KXSOLD-26SEP1918-T111.4999,KXSOLD-26SEP1918,6,no,0.95,2026-09-19T21:41:14.029252+00:00,no,True,0.05,2026-09-19T23:33:34.285457+00:00
SOL,KXSOLD-26SEP1918-T111.2499,KXSOLD-26SEP1918,5,no,0.96,2026-09-19T21:41:14.029300+00:00,no,True,0.04,2026-09-19T23:33:34.285518+00:00
SOL,KXSOLD-26SEP1918-T110.4999,KXSOLD-26SEP1918,3,no,0.61,2026-09-19T21:41:14.029391+00:00,yes,False,-0.61,2026-09-19T23:33:34.285579+00:00
SOL,KXSOLD-26SEP1918-T110.2499,KXSOLD-26SEP1918,4,yes,0.67,2026-09-19T21:41:14.029444+00:00,yes,True,0.3299999999999999,2026-09-19T23:33:34.285645+00:00
SOL,KXSOLD-26SEP1918-T109.9999,KXSOLD-26SEP1918,7,yes,0.9,2026-09-19T21:41:14.029493+00:00,yes,True,0.0999999999999999,2026-09-19T23:33:34.285706+00:00
SOL,KXSOLD-26SEP1918-T109.4999,KXSOLD-26SEP1918,9,yes,0.96,2026-09-19T21:41:14.029539+00:00,yes,True,0.04,2026-09-19T23:33:34.285769+00:00
HYPE,KXHYPED-26SEP1920-T92.2499,KXHYPED-26SEP1920,5,no,0.96,2026-09-19T23:33:34.339883+00:00,no,True,0.04,2026-09-20T01:33:16.262178+00:00
HYPE,KXHYPED-26SEP1920-T90.9999,KXHYPED-26SEP1920,6,yes,0.99,2026-09-19T23:33:34.339946+00:00,yes,True,0.01,2026-09-20T01:33:16.262269+00:00
HYPE,KXHYPED-26SEP1920-T90.7499,KXHYPED-26SEP1920,7,yes,0.99,2026-09-19T23:33:34.339998+00:00,yes,True,0.01,2026-09-20T01:33:16.262335+00:00
SOL,KXSOLD-26SEP1920-T111.4999,KXSOLD-26SEP1920,7,no,0.96,2026-09-19T23:33:34.392459+00:00,no,True,0.04,2026-09-20T01:33:16.262548+00:00
SOL,KXSOLD-26SEP1920-T111.2499,KXSOLD-26SEP1920,4,no,0.81,2026-09-19T23:33:34.392508+00:00,no,True,0.1899999999999999,2026-09-20T01:33:16.262613+00:00
SOL,KXSOLD-26SEP1920-T110.4999,KXSOLD-26SEP1920,3,yes,0.95,2026-09-19T23:33:34.392554+00:00,yes,True,0.05,2026-09-20T01:33:16.262676+00:00
SOL,KXSOLD-26SEP1920-T110.2499,KXSOLD-26SEP1920,5,yes,0.97,2026-09-19T23:33:34.392599+00:00,yes,True,0.03,2026-09-20T01:33:16.262738+00:00
SOL,KXSOLD-26SEP1920-T109.9999,KXSOLD-26SEP1920,6,yes,0.97,2026-09-19T23:33:34.392646+00:00,yes,True,0.03,2026-09-20T01:33:16.262839+00:00
SOL,KXSOLD-26SEP1922-T111.4999,KXSOLD-26SEP1922,7,no,0.97,2026-09-20T01:33:16.428684+00:00,no,True,0.03,2026-09-20T06:54:28.889527+00:00
SOL,KXSOLD-26SEP1922-T111.2499,KXSOLD-26SEP1922,6,no,0.97,2026-09-20T01:33:16.428732+00:00,no,True,0.03,2026-09-20T06:54:28.889581+00:00
SOL,KXSOLD-26SEP1922-T110.9999,KXSOLD-26SEP1922,4,no,0.97,2026-09-20T01:33:16.428812+00:00,no,True,0.03,2026-09-20T06:54:28.889615+00:00
SOL,KXSOLD-26SEP1922-T110.7499,KXSOLD-26SEP1922,3,no,0.95,2026-09-20T01:33:16.428865+00:00,no,True,0.05,2026-09-20T06:54:28.889651+00:00
SOL,KXSOLD-26SEP1922-T109.9999,KXSOLD-26SEP1922,5,yes,0.71,2026-09-20T01:33:16.428924+00:00,yes,True,0.29,2026-09-20T06:54:28.889681+00:00
SOL,KXSOLD-26SEP1922-T109.7499,KXSOLD-26SEP1922,8,yes,0.91,2026-09-20T01:33:16.428970+00:00,yes,True,0.0899999999999999,2026-09-20T06:54:28.889713+00:00
HYPE,KXHYPED-26SEP2003-T91.4999,KXHYPED-26SEP2003,5,no,0.98,2026-09-20T06:54:28.998738+00:00,no,True,0.02,2026-09-20T11:55:58.406541+00:00
HYPE,KXHYPED-26SEP2003-T90.4999,KXHYPED-26SEP2003,6,yes,0.98,2026-09-20T06:54:28.998782+00:00,yes,True,0.02,2026-09-20T11:55:58.406592+00:00
HYPE,KXHYPED-26SEP2003-T90.2499,KXHYPED-26SEP2003,7,yes,0.99,2026-09-20T06:54:28.998812+00:00,yes,True,0.01,2026-09-20T11:55:58.406625+00:00
HYPE,KXHYPED-26SEP2003-T89.9999,KXHYPED-26SEP2003,8,yes,0.99,2026-09-20T06:54:28.998839+00:00,yes,True,0.01,2026-09-20T11:55:58.406656+00:00
SOL,KXSOLD-26SEP2003-T109.2499,KXSOLD-26SEP2003,6,no,0.97,2026-09-20T06:54:29.062680+00:00,no,True,0.03,2026-09-20T11:55:58.406712+00:00
SOL,KXSOLD-26SEP2003-T108.9999,KXSOLD-26SEP2003,5,no,0.97,2026-09-20T06:54:29.062719+00:00,no,True,0.03,2026-09-20T11:55:58.406744+00:00
SOL,KXSOLD-26SEP2003-T108.7499,KXSOLD-26SEP2003,4,no,0.98,2026-09-20T06:54:29.062746+00:00,no,True,0.02,2026-09-20T11:55:58.406773+00:00
SOL,KXSOLD-26SEP2003-T107.9999,KXSOLD-26SEP2003,3,yes,0.96,2026-09-20T06:54:29.062771+00:00,yes,True,0.04,2026-09-20T11:55:58.406803+00:00
SOL,KXSOLD-26SEP2003-T107.7499,KXSOLD-26SEP2003,8,yes,0.96,2026-09-20T06:54:29.062796+00:00,yes,True,0.04,2026-09-20T11:55:58.406832+00:00
HYPE,KXHYPED-26SEP2008-T91.7499,KXHYPED-26SEP2008,7,no,0.97,2026-09-20T11:55:58.535760+00:00,no,True,0.03,2026-09-20T15:18:49.801676+00:00
HYPE,KXHYPED-26SEP2008-T90.7499,KXHYPED-26SEP2008,5,yes,0.99,2026-09-20T11:55:58.535804+00:00,yes,True,0.01,2026-09-20T15:18:49.801733+00:00
HYPE,KXHYPED-26SEP2008-T90.4999,KXHYPED-26SEP2008,6,yes,0.99,2026-09-20T11:55:58.535834+00:00,yes,True,0.01,2026-09-20T15:18:49.801769+00:00
HYPE,KXHYPED-26SEP2008-T89.9999,KXHYPED-26SEP2008,8,yes,0.99,2026-09-20T11:55:58.535861+00:00,yes,True,0.01,2026-09-20T15:18:49.801804+00:00
SOL,KXSOLD-26SEP2008-T108.7499,KXSOLD-26SEP2008,4,no,0.91,2026-09-20T11:55:58.594253+00:00,no,True,0.0899999999999999,2026-09-20T15:18:49.801970+00:00
SOL,KXSOLD-26SEP2008-T107.9999,KXSOLD-26SEP2008,3,yes,0.99,2026-09-20T11:55:58.594292+00:00,yes,True,0.01,2026-09-20T15:18:49.802007+00:00
SOL,KXSOLD-26SEP2008-T107.7499,KXSOLD-26SEP2008,5,yes,0.99,2026-09-20T11:55:58.594323+00:00,yes,True,0.01,2026-09-20T15:18:49.802039+00:00
SOL,KXSOLD-26SEP2008-T107.4999,KXSOLD-26SEP2008,6,yes,0.99,2026-09-20T11:55:58.594349+00:00,yes,True,0.01,2026-09-20T15:18:49.802069+00:00
HYPE,KXHYPED-26SEP2012-T92.4999,KXHYPED-26SEP2012,10,no,0.98,2026-09-20T15:18:49.904548+00:00,no,True,0.02,2026-09-20T18:13:18.616806+00:00
HYPE,KXHYPED-26SEP2012-T91.9999,KXHYPED-26SEP2012,5,no,0.94,2026-09-20T15:18:49.904611+00:00,yes,False,-0.94,2026-09-20T18:13:18.616887+00:00
HYPE,KXHYPED-26SEP2012-T91.2499,KXHYPED-26SEP2012,9,yes,0.65,2026-09-20T15:18:49.904641+00:00,yes,True,0.35,2026-09-20T18:13:18.616951+00:00
HYPE,KXHYPED-26SEP2012-T90.4999,KXHYPED-26SEP2012,7,yes,0.98,2026-09-20T15:18:49.904667+00:00,yes,True,0.02,2026-09-20T18:13:18.617013+00:00
HYPE,KXHYPED-26SEP2012-T90.2499,KXHYPED-26SEP2012,8,yes,0.98,2026-09-20T15:18:49.904693+00:00,yes,True,0.02,2026-09-20T18:13:18.617130+00:00
HYPE,KXHYPED-26SEP2012-T100.2499,KXHYPED-26SEP2012,6,no,0.99,2026-09-20T15:18:49.904719+00:00,no,True,0.01,2026-09-20T18:13:18.617194+00:00
SOL,KXSOLD-26SEP2012-T108.7499,KXSOLD-26SEP2012,5,no,0.76,2026-09-20T15:18:49.996284+00:00,yes,False,-0.76,2026-09-20T18:13:18.617303+00:00
SOL,KXSOLD-26SEP2012-T107.9999,KXSOLD-26SEP2012,3,yes,0.8,2026-09-20T15:18:49.996328+00:00,yes,True,0.1999999999999999,2026-09-20T18:13:18.617363+00:00
SOL,KXSOLD-26SEP2012-T107.7499,KXSOLD-26SEP2012,4,yes,0.92,2026-09-20T15:18:49.996358+00:00,yes,True,0.0799999999999999,2026-09-20T18:13:18.617430+00:00
SOL,KXSOLD-26SEP2012-T107.4999,KXSOLD-26SEP2012,6,yes,0.94,2026-09-20T15:18:49.996383+00:00,yes,True,0.06,2026-09-20T18:13:18.617490+00:00
SOL,KXSOLD-26SEP2015-T110.4999,KXSOLD-26SEP2015,3,no,0.85,2026-09-20T18:13:18.730722+00:00,no,True,0.15,2026-09-20T20:50:25.125647+00:00
SOL,KXSOLD-26SEP2015-T110.2499,KXSOLD-26SEP2015,4,no,0.76,2026-09-20T18:13:18.730786+00:00,no,True,0.24,2026-09-20T20:50:25.125730+00:00
SOL,KXSOLD-26SEP2015-T109.2499,KXSOLD-26SEP2015,5,yes,0.86,2026-09-20T18:13:18.730836+00:00,yes,True,0.14,2026-09-20T20:50:25.125796+00:00
SOL,KXSOLD-26SEP2017-T105.9999,KXSOLD-26SEP2017,4,yes,0.9,2026-09-19T21:41:14.029087+00:00,yes,True,0.0999999999999999,2026-09-20T22:44:45.076894+00:00
SOL,KXSOLD-26SEP2017-T104.9999,KXSOLD-26SEP2017,3,yes,0.94,2026-09-19T21:41:14.029150+00:00,yes,True,0.06,2026-09-20T22:44:45.076979+00:00
SOL,KXSOLD-26SEP2017-T112.9999,KXSOLD-26SEP2017,5,no,0.79,2026-09-19T23:33:34.392161+00:00,no,True,0.2099999999999999,2026-09-20T22:44:45.077154+00:00
SOL,KXSOLD-26SEP2017-T111.9999,KXSOLD-26SEP2017,7,no,0.65,2026-09-19T23:33:34.392223+00:00,no,True,0.35,2026-09-20T22:44:45.077220+00:00
SOL,KXSOLD-26SEP2017-T109.9999,KXSOLD-26SEP2017,6,yes,0.64,2026-09-19T23:33:34.392345+00:00,yes,True,0.36,2026-09-20T22:44:45.077281+00:00
XRP,KXXRPD-26SEP2017-T1.7799,KXXRPD-26SEP2017,8,no,0.99,2026-09-19T23:33:34.489812+00:00,no,True,0.01,2026-09-20T22:44:45.077437+00:00
SOL,KXSOLD-26SEP2017-T113.9999,KXSOLD-26SEP2017,4,no,0.94,2026-09-20T01:33:16.428389+00:00,no,True,0.06,2026-09-20T22:44:45.077497+00:00
SOL,KXSOLD-26SEP2017-T107.9999,KXSOLD-26SEP2017,3,yes,0.83,2026-09-20T01:33:16.428519+00:00,yes,True,0.17,2026-09-20T22:44:45.077557+00:00
SOL,KXSOLD-26SEP2017-T103.9999,KXSOLD-26SEP2017,6,yes,0.97,2026-09-20T01:33:16.428635+00:00,yes,True,0.03,2026-09-20T22:44:45.077616+00:00
HYPE,KXHYPED-26SEP2017-T89.9999,KXHYPED-26SEP2017,6,yes,0.69,2026-09-20T06:54:28.998884+00:00,yes,True,0.31,2026-09-20T22:44:45.077723+00:00
SOL,KXSOLD-26SEP2017-T106.9999,KXSOLD-26SEP2017,8,yes,0.7,2026-09-20T06:54:29.062872+00:00,yes,True,0.3,2026-09-20T22:44:45.077782+00:00
XRP,KXXRPD-26SEP2017-T1.5199,KXXRPD-26SEP2017,9,no,0.96,2026-09-20T06:54:29.181100+00:00,no,True,0.04,2026-09-20T22:44:45.077890+00:00
XRP,KXXRPD-26SEP2017-T1.4999,KXXRPD-26SEP2017,11,no,0.94,2026-09-20T06:54:29.181146+00:00,no,True,0.06,2026-09-20T22:44:45.077969+00:00
XRP,KXXRPD-26SEP2017-T1.4799,KXXRPD-26SEP2017,12,no,0.97,2026-09-20T06:54:29.181175+00:00,no,True,0.03,2026-09-20T22:44:45.078031+00:00
XRP,KXXRPD-26SEP2017-T1.2799,KXXRPD-26SEP2017,10,yes,0.94,2026-09-20T06:54:29.181219+00:00,yes,True,0.06,2026-09-20T22:44:45.078099+00:00
HYPE,KXHYPED-26SEP2017-T94.9999,KXHYPED-26SEP2017,7,no,0.95,2026-09-20T11:55:58.535888+00:00,no,True,0.05,2026-09-20T22:44:45.078210+00:00
HYPE,KXHYPED-26SEP2017-T90.9999,KXHYPED-26SEP2017,9,yes,0.61,2026-09-20T11:55:58.535914+00:00,yes,True,0.39,2026-09-20T22:44:45.078270+00:00
HYPE,KXHYPED-26SEP2017-T87.9999,KXHYPED-26SEP2017,5,yes,0.95,2026-09-20T11:55:58.535959+00:00,yes,True,0.05,2026-09-20T22:44:45.078329+00:00
HYPE,KXHYPED-26SEP2017-T85.9999,KXHYPED-26SEP2017,10,yes,0.96,2026-09-20T11:55:58.535983+00:00,yes,True,0.04,2026-09-20T22:44:45.078395+00:00
HYPE,KXHYPED-26SEP2017-T84.9999,KXHYPED-26SEP2017,8,yes,0.97,2026-09-20T11:55:58.536007+00:00,yes,True,0.03,2026-09-20T22:44:45.078456+00:00
HYPE,KXHYPED-26SEP2017-T95.9999,KXHYPED-26SEP2017,8,no,0.97,2026-09-20T15:18:49.904743+00:00,no,True,0.03,2026-09-20T22:44:45.078514+00:00
SOL,KXSOLD-26SEP2017-T108.9999,KXSOLD-26SEP2017,4,no,0.63,2026-09-20T15:18:49.996424+00:00,yes,False,-0.63,2026-09-20T22:44:45.078571+00:00
XRP,KXXRPD-26SEP2017-T1.3799,KXXRPD-26SEP2017,8,yes,0.68,2026-09-20T15:18:50.197344+00:00,yes,True,0.3199999999999999,2026-09-20T22:44:45.078630+00:00
HYPE,KXHYPED-26SEP2017-T96.9999,KXHYPED-26SEP2017,10,no,0.96,2026-09-20T18:13:18.679665+00:00,no,True,0.04,2026-09-20T22:44:45.078689+00:00
HYPE,KXHYPED-26SEP2017-T88.9999,KXHYPED-26SEP2017,6,yes,0.97,2026-09-20T18:13:18.679832+00:00,yes,True,0.03,2026-09-20T22:44:45.078747+00:00
XRP,KXXRPD-26SEP2017-T1.3199,KXXRPD-26SEP2017,8,yes,0.96,2026-09-20T18:13:18.850119+00:00,yes,True,0.04,2026-09-20T22:44:45.078807+00:00
XRP,KXXRPD-26SEP2017-T1.7199,KXXRPD-26SEP2017,13,no,0.99,2026-09-20T20:50:25.522690+00:00,no,True,0.01,2026-09-20T22:44:45.078943+00:00
XRP,KXXRPD-26SEP2017-T1.6399,KXXRPD-26SEP2017,14,no,0.99,2026-09-20T20:50:25.522755+00:00,no,True,0.01,2026-09-20T22:44:45.079003+00:00
XRP,KXXRPD-26SEP2017-T1.6199,KXXRPD-26SEP2017,15,no,0.99,2026-09-20T20:50:25.522806+00:00,no,True,0.01,2026-09-20T22:44:45.079071+00:00
DOGE,KXDOGED-26SEP2017-T0.1099999,KXDOGED-26SEP2017,6,no,0.99,2026-09-20T20:50:25.594211+00:00,no,True,0.01,2026-09-20T22:44:45.079132+00:00
DOGE,KXDOGED-26SEP2017-T0.0799999,KXDOGED-26SEP2017,5,yes,0.99,2026-09-20T20:50:25.594278+00:00,yes,True,0.01,2026-09-20T22:44:45.079190+00:00
HYPE,KXHYPED-26SEP2019-T93.9999,KXHYPED-26SEP2019,7,no,0.94,2026-09-20T22:44:45.204792+00:00,no,True,0.06,2026-09-21T00:31:30.672299+00:00
HYPE,KXHYPED-26SEP2019-T92.7499,KXHYPED-26SEP2019,5,yes,0.99,2026-09-20T22:44:45.204907+00:00,yes,True,0.01,2026-09-21T00:31:30.672381+00:00
HYPE,KXHYPED-26SEP2019-T92.4999,KXHYPED-26SEP2019,6,yes,0.98,2026-09-20T22:44:45.204970+00:00,yes,True,0.02,2026-09-21T00:31:30.672444+00:00
HYPE,KXHYPED-26SEP2019-T92.2499,KXHYPED-26SEP2019,8,yes,0.99,2026-09-20T22:44:45.205023+00:00,yes,True,0.01,2026-09-21T00:31:30.672504+00:00
SOL,KXSOLD-26SEP2019-T111.2499,KXSOLD-26SEP2019,6,no,0.96,2026-09-20T22:44:45.305515+00:00,no,True,0.04,2026-09-21T00:31:30.672807+00:00
SOL,KXSOLD-26SEP2019-T110.9999,KXSOLD-26SEP2019,8,no,0.95,2026-09-20T22:44:45.305563+00:00,no,True,0.05,2026-09-21T00:31:30.672900+00:00
SOL,KXSOLD-26SEP2019-T110.7499,KXSOLD-26SEP2019,9,no,0.82,2026-09-20T22:44:45.305609+00:00,yes,False,-0.82,2026-09-21T00:31:30.672983+00:00
SOL,KXSOLD-26SEP2019-T110.4999,KXSOLD-26SEP2019,3,no,0.6,2026-09-20T22:44:45.305655+00:00,yes,False,-0.6,2026-09-21T00:31:30.673047+00:00
SOL,KXSOLD-26SEP2019-T110.2499,KXSOLD-26SEP2019,4,yes,0.7,2026-09-20T22:44:45.305701+00:00,yes,True,0.3,2026-09-21T00:31:30.673108+00:00
SOL,KXSOLD-26SEP2019-T109.7499,KXSOLD-26SEP2019,5,yes,0.95,2026-09-20T22:44:45.305746+00:00,yes,True,0.05,2026-09-21T00:31:30.673168+00:00
SOL,KXSOLD-26SEP2019-T109.4999,KXSOLD-26SEP2019,7,yes,0.97,2026-09-20T22:44:45.305789+00:00,yes,True,0.03,2026-09-21T00:31:30.673228+00:00
HYPE,KXHYPED-26SEP2021-T94.9999,KXHYPED-26SEP2021,8,no,0.98,2026-09-21T00:31:30.750417+00:00,no,True,0.02,2026-09-21T05:21:42.042855+00:00
HYPE,KXHYPED-26SEP2021-T94.7499,KXHYPED-26SEP2021,9,no,0.93,2026-09-21T00:31:30.750479+00:00,no,True,0.0699999999999999,2026-09-21T05:21:42.042891+00:00
HYPE,KXHYPED-26SEP2021-T94.4999,KXHYPED-26SEP2021,6,no,0.83,2026-09-21T00:31:30.750530+00:00,no,True,0.17,2026-09-21T05:21:42.042913+00:00
HYPE,KXHYPED-26SEP2021-T93.7499,KXHYPED-26SEP2021,5,yes,0.86,2026-09-21T00:31:30.750579+00:00,yes,True,0.14,2026-09-21T05:21:42.042935+00:00
HYPE,KXHYPED-26SEP2021-T92.9999,KXHYPED-26SEP2021,7,yes,0.98,2026-09-21T00:31:30.750625+00:00,yes,True,0.02,2026-09-21T05:21:42.042955+00:00
SOL,KXSOLD-26SEP2021-T111.7499,KXSOLD-26SEP2021,5,yes,0.8,2026-09-21T00:31:30.816908+00:00,yes,True,0.1999999999999999,2026-09-21T05:21:42.043024+00:00
SOL,KXSOLD-26SEP2021-T111.4999,KXSOLD-26SEP2021,7,yes,0.88,2026-09-21T00:31:30.816958+00:00,yes,True,0.12,2026-09-21T05:21:42.043043+00:00
SOL,KXSOLD-26SEP2021-T111.2499,KXSOLD-26SEP2021,3,yes,0.91,2026-09-21T00:31:30.817005+00:00,yes,True,0.0899999999999999,2026-09-21T05:21:42.043063+00:00
SOL,KXSOLD-26SEP2021-T110.9999,KXSOLD-26SEP2021,6,yes,0.93,2026-09-21T00:31:30.817051+00:00,yes,True,0.0699999999999999,2026-09-21T05:21:42.043082+00:00
SOL,KXSOLD-26SEP2021-T110.7499,KXSOLD-26SEP2021,4,yes,0.96,2026-09-21T00:31:30.817095+00:00,yes,True,0.04,2026-09-21T05:21:42.043104+00:00
SOL,KXSOLD-26SEP2021-T110.4999,KXSOLD-26SEP2021,8,yes,0.96,2026-09-21T00:31:30.817139+00:00,yes,True,0.04,2026-09-21T05:21:42.043136+00:00
HYPE,KXHYPED-26SEP2102-T94.4999,KXHYPED-26SEP2102,5,no,0.95,2026-09-21T05:21:42.179436+00:00,no,True,0.05,2026-09-21T10:51:36.955174+00:00
HYPE,KXHYPED-26SEP2102-T93.7499,KXHYPED-26SEP2102,6,yes,0.74,2026-09-21T05:21:42.179465+00:00,yes,True,0.26,2026-09-21T10:51:36.955237+00:00
HYPE,KXHYPED-26SEP2102-T92.9999,KXHYPED-26SEP2102,7,yes,0.99,2026-09-21T05:21:42.179485+00:00,yes,True,0.01,2026-09-21T10:51:36.955280+00:00
SOL,KXSOLD-26SEP2102-T111.9999,KXSOLD-26SEP2102,7,no,0.75,2026-09-21T05:21:42.249109+00:00,no,True,0.25,2026-09-21T10:51:36.955351+00:00
SOL,KXSOLD-26SEP2102-T111.4999,KXSOLD-26SEP2102,3,yes,0.63,2026-09-21T05:21:42.249176+00:00,yes,True,0.37,2026-09-21T10:51:36.955390+00:00
SOL,KXSOLD-26SEP2102-T110.7499,KXSOLD-26SEP2102,4,yes,0.96,2026-09-21T05:21:42.249196+00:00,yes,True,0.04,2026-09-21T10:51:36.955429+00:00
SOL,KXSOLD-26SEP2102-T110.4999,KXSOLD-26SEP2102,5,yes,0.96,2026-09-21T05:21:42.249214+00:00,yes,True,0.04,2026-09-21T10:51:36.955486+00:00
HYPE,KXHYPED-26SEP2107-T96.2499,KXHYPED-26SEP2107,6,no,0.99,2026-09-21T10:51:37.014935+00:00,no,True,0.01,2026-09-21T16:39:16.758029+00:00
HYPE,KXHYPED-26SEP2107-T95.7499,KXHYPED-26SEP2107,7,no,0.96,2026-09-21T10:51:37.014990+00:00,no,True,0.04,2026-09-21T16:39:16.758107+00:00
HYPE,KXHYPED-26SEP2107-T94.7499,KXHYPED-26SEP2107,8,yes,0.99,2026-09-21T10:51:37.015029+00:00,yes,True,0.01,2026-09-21T16:39:16.758172+00:00
HYPE,KXHYPED-26SEP2107-T94.4999,KXHYPED-26SEP2107,5,yes,0.99,2026-09-21T10:51:37.015064+00:00,yes,True,0.01,2026-09-21T16:39:16.758237+00:00
SOL,KXSOLD-26SEP2107-T116.7499,KXSOLD-26SEP2107,8,no,0.97,2026-09-21T10:51:37.072069+00:00,no,True,0.03,2026-09-21T16:39:16.758444+00:00
SOL,KXSOLD-26SEP2107-T116.4999,KXSOLD-26SEP2107,9,no,0.97,2026-09-21T10:51:37.072120+00:00,no,True,0.03,2026-09-21T16:39:16.758507+00:00
SOL,KXSOLD-26SEP2107-T116.2499,KXSOLD-26SEP2107,7,no,0.97,2026-09-21T10:51:37.072159+00:00,no,True,0.03,2026-09-21T16:39:16.758569+00:00
SOL,KXSOLD-26SEP2107-T115.9999,KXSOLD-26SEP2107,6,no,0.88,2026-09-21T10:51:37.072197+00:00,no,True,0.12,2026-09-21T16:39:16.758636+00:00
SOL,KXSOLD-26SEP2107-T115.2499,KXSOLD-26SEP2107,3,yes,0.94,2026-09-21T10:51:37.072229+00:00,yes,True,0.06,2026-09-21T16:39:16.758725+00:00
SOL,KXSOLD-26SEP2107-T114.9999,KXSOLD-26SEP2107,5,yes,0.96,2026-09-21T10:51:37.072260+00:00,yes,True,0.04,2026-09-21T16:39:16.758797+00:00
SOL,KXSOLD-26SEP2107-T114.7499,KXSOLD-26SEP2107,4,yes,0.96,2026-09-21T10:51:37.072292+00:00,yes,True,0.04,2026-09-21T16:39:16.758859+00:00
HYPE,KXHYPED-26SEP2113-T94.2499,KXHYPED-26SEP2113,8,no,0.99,2026-09-21T16:39:16.817134+00:00,no,True,0.01,2026-09-21T20:35:04.019660+00:00
HYPE,KXHYPED-26SEP2113-T93.9999,KXHYPED-26SEP2113,7,no,0.97,2026-09-21T16:39:16.817194+00:00,no,True,0.03,2026-09-21T20:35:04.019724+00:00
HYPE,KXHYPED-26SEP2113-T93.4999,KXHYPED-26SEP2113,5,no,0.89,2026-09-21T16:39:16.817246+00:00,no,True,0.1099999999999999,2026-09-21T20:35:04.019794+00:00
HYPE,KXHYPED-26SEP2113-T93.2499,KXHYPED-26SEP2113,6,no,0.73,2026-09-21T16:39:16.817295+00:00,yes,False,-0.73,2026-09-21T20:35:04.019838+00:00
SOL,KXSOLD-26SEP2113-T99.9999,KXSOLD-26SEP2113,7,yes,0.99,2026-09-21T16:39:16.868440+00:00,yes,True,0.01,2026-09-21T20:35:04.019969+00:00
SOL,KXSOLD-26SEP2113-T118.7499,KXSOLD-26SEP2113,8,no,0.96,2026-09-21T16:39:16.868499+00:00,no,True,0.04,2026-09-21T20:35:04.020007+00:00
SOL,KXSOLD-26SEP2113-T118.4999,KXSOLD-26SEP2113,4,no,0.99,2026-09-21T16:39:16.868550+00:00,no,True,0.01,2026-09-21T20:35:04.020046+00:00
SOL,KXSOLD-26SEP2113-T118.2499,KXSOLD-26SEP2113,9,no,0.95,2026-09-21T16:39:16.868598+00:00,no,True,0.05,2026-09-21T20:35:04.020082+00:00
SOL,KXSOLD-26SEP2113-T117.9999,KXSOLD-26SEP2113,6,no,0.94,2026-09-21T16:39:16.868645+00:00,no,True,0.06,2026-09-21T20:35:04.020118+00:00
SOL,KXSOLD-26SEP2113-T117.2499,KXSOLD-26SEP2113,3,no,0.7,2026-09-21T16:39:16.868719+00:00,yes,False,-0.7,2026-09-21T20:35:04.020154+00:00
SOL,KXSOLD-26SEP2117-T115.9999,KXSOLD-26SEP2117,6,no,0.92,2026-09-20T22:44:45.305212+00:00,yes,False,-0.92,2026-09-21T23:33:15.535479+00:00
SOL,KXSOLD-26SEP2117-T114.9999,KXSOLD-26SEP2117,4,no,0.86,2026-09-20T22:44:45.305278+00:00,yes,False,-0.86,2026-09-21T23:33:15.535549+00:00
SOL,KXSOLD-26SEP2117-T113.9999,KXSOLD-26SEP2117,5,no,0.8,2026-09-20T22:44:45.305330+00:00,yes,False,-0.8,2026-09-21T23:33:15.535588+00:00
SOL,KXSOLD-26SEP2117-T112.9999,KXSOLD-26SEP2117,3,no,0.73,2026-09-20T22:44:45.305378+00:00,yes,False,-0.73,2026-09-21T23:33:15.535622+00:00
SOL,KXSOLD-26SEP2117-T105.9999,KXSOLD-26SEP2117,7,yes,0.86,2026-09-20T22:44:45.305461+00:00,yes,True,0.14,2026-09-21T23:33:15.535655+00:00
XRP,KXXRPD-26SEP2117-T1.6799,KXXRPD-26SEP2117,10,no,0.98,2026-09-20T22:44:45.541361+00:00,no,True,0.02,2026-09-21T23:33:15.535686+00:00
XRP,KXXRPD-26SEP2117-T1.4999,KXXRPD-26SEP2117,8,no,0.93,2026-09-20T22:44:45.541423+00:00,yes,False,-0.93,2026-09-21T23:33:15.535719+00:00
XRP,KXXRPD-26SEP2117-T1.3399,KXXRPD-26SEP2117,9,yes,0.89,2026-09-20T22:44:45.541474+00:00,yes,True,0.1099999999999999,2026-09-21T23:33:15.535750+00:00
SOL,KXSOLD-26SEP2117-T116.9999,KXSOLD-26SEP2117,4,no,0.81,2026-09-21T00:31:30.816595+00:00,yes,False,-0.81,2026-09-21T23:33:15.535806+00:00
SOL,KXSOLD-26SEP2117-T110.9999,KXSOLD-26SEP2117,9,yes,0.62,2026-09-21T00:31:30.816785+00:00,yes,True,0.38,2026-09-21T23:33:15.535837+00:00
SOL,KXSOLD-26SEP2117-T104.9999,KXSOLD-26SEP2117,5,yes,0.94,2026-09-21T00:31:30.816835+00:00,yes,True,0.06,2026-09-21T23:33:15.535867+00:00
XRP,KXXRPD-26SEP2117-T1.4599,KXXRPD-26SEP2117,13,no,0.75,2026-09-21T00:31:30.938210+00:00,yes,False,-0.75,2026-09-21T23:33:15.535898+00:00
XRP,KXXRPD-26SEP2117-T1.3599,KXXRPD-26SEP2117,11,yes,0.91,2026-09-21T00:31:30.938302+00:00,yes,True,0.0899999999999999,2026-09-21T23:33:15.535926+00:00
XRP,KXXRPD-26SEP2117-T1.3199,KXXRPD-26SEP2117,8,yes,0.94,2026-09-21T00:31:30.938390+00:00,yes,True,0.06,2026-09-21T23:33:15.535954+00:00
HYPE,KXHYPED-26SEP2117-T98.9999,KXHYPED-26SEP2117,5,no,0.94,2026-09-21T05:21:42.179504+00:00,no,True,0.06,2026-09-21T23:33:15.535982+00:00
SOL,KXSOLD-26SEP2117-T121.9999,KXSOLD-26SEP2117,6,no,0.96,2026-09-21T05:21:42.249231+00:00,no,True,0.04,2026-09-21T23:33:15.536010+00:00
SOL,KXSOLD-26SEP2117-T117.9999,KXSOLD-26SEP2117,7,no,0.95,2026-09-21T05:21:42.249248+00:00,yes,False,-0.95,2026-09-21T23:33:15.536037+00:00
SOL,KXSOLD-26SEP2117-T101.9999,KXSOLD-26SEP2117,5,yes,0.97,2026-09-21T05:21:42.249307+00:00,yes,True,0.03,2026-09-21T23:33:15.536064+00:00
XRP,KXXRPD-26SEP2117-T1.3999,KXXRPD-26SEP2117,11,yes,0.67,2026-09-21T05:21:42.429277+00:00,yes,True,0.3299999999999999,2026-09-21T23:33:15.536097+00:00
HYPE,KXHYPED-26SEP2117-T90.9999,KXHYPED-26SEP2117,6,yes,0.96,2026-09-21T10:51:37.015145+00:00,yes,True,0.04,2026-09-21T23:33:15.536125+00:00
HYPE,KXHYPED-26SEP2117-T89.9999,KXHYPED-26SEP2117,8,yes,0.96,2026-09-21T10:51:37.015183+00:00,yes,True,0.04,2026-09-21T23:33:15.536153+00:00
HYPE,KXHYPED-26SEP2117-T88.9999,KXHYPED-26SEP2117,9,yes,0.97,2026-09-21T10:51:37.015216+00:00,yes,True,0.03,2026-09-21T23:33:15.536181+00:00
SOL,KXSOLD-26SEP2117-T120.9999,KXSOLD-26SEP2117,6,no,0.91,2026-09-21T10:51:37.072343+00:00,no,True,0.0899999999999999,2026-09-21T23:33:15.536208+00:00
SOL,KXSOLD-26SEP2117-T111.9999,KXSOLD-26SEP2117,3,yes,0.86,2026-09-21T10:51:37.072431+00:00,yes,True,0.14,2026-09-21T23:33:15.536235+00:00
XRP,KXXRPD-26SEP2117-T1.4399,KXXRPD-26SEP2117,8,yes,0.82,2026-09-21T10:51:37.184035+00:00,yes,True,0.18,2026-09-21T23:33:15.536307+00:00
XRP,KXXRPD-26SEP2117-T1.4199,KXXRPD-26SEP2117,12,yes,0.91,2026-09-21T10:51:37.184086+00:00,yes,True,0.0899999999999999,2026-09-21T23:33:15.536336+00:00
XRP,KXXRPD-26SEP2117-T1.3799,KXXRPD-26SEP2117,9,yes,0.96,2026-09-21T10:51:37.184125+00:00,yes,True,0.04,2026-09-21T23:33:15.536365+00:00
HYPE,KXHYPED-26SEP2117-T95.9999,KXHYPED-26SEP2117,9,no,0.95,2026-09-21T16:39:16.817378+00:00,no,True,0.05,2026-09-21T23:33:15.536491+00:00
HYPE,KXHYPED-26SEP2117-T94.9999,KXHYPED-26SEP2117,8,no,0.88,2026-09-21T16:39:16.817425+00:00,no,True,0.12,2026-09-21T23:33:15.536540+00:00
HYPE,KXHYPED-26SEP2117-T91.9999,KXHYPED-26SEP2117,5,yes,0.76,2026-09-21T16:39:16.817486+00:00,yes,True,0.24,2026-09-21T23:33:15.536572+00:00
XRP,KXXRPD-26SEP2117-T1.5799,KXXRPD-26SEP2117,10,no,0.96,2026-09-21T16:39:16.998620+00:00,no,True,0.04,2026-09-21T23:33:15.536646+00:00
XRP,KXXRPD-26SEP2117-T1.5599,KXXRPD-26SEP2117,8,no,0.96,2026-09-21T16:39:16.998679+00:00,no,True,0.04,2026-09-21T23:33:15.536675+00:00
HYPE,KXHYPED-26SEP2117-T93.9999,KXHYPED-26SEP2117,9,no,0.8,2026-09-21T20:35:04.145495+00:00,no,True,0.1999999999999999,2026-09-21T23:33:15.536727+00:00
SOL,KXSOLD-26SEP2117-T119.9999,KXSOLD-26SEP2117,7,no,0.96,2026-09-21T20:35:04.248367+00:00,no,True,0.04,2026-09-21T23:33:15.536756+00:00
XRP,KXXRPD-26SEP2117-T1.5999,KXXRPD-26SEP2117,8,no,0.99,2026-09-21T20:35:04.483846+00:00,no,True,0.01,2026-09-21T23:33:15.536784+00:00
DOGE,KXDOGED-26SEP2117-T0.1399999,KXDOGED-26SEP2117,6,no,0.99,2026-09-21T20:35:04.613998+00:00,no,True,0.01,2026-09-21T23:33:15.536858+00:00
DOGE,KXDOGED-26SEP2117-T0.1099999,KXDOGED-26SEP2117,5,no,0.96,2026-09-21T20:35:04.614054+00:00,no,True,0.04,2026-09-21T23:33:15.536885+00:00
HYPE,KXHYPED-26SEP2120-T94.7499,KXHYPED-26SEP2120,8,no,0.98,2026-09-21T23:33:15.684362+00:00,no,True,0.02,2026-09-22T01:47:53.147069+00:00
HYPE,KXHYPED-26SEP2120-T94.4999,KXHYPED-26SEP2120,6,no,0.98,2026-09-21T23:33:15.684388+00:00,no,True,0.02,2026-09-22T01:47:53.147131+00:00
HYPE,KXHYPED-26SEP2120-T94.2499,KXHYPED-26SEP2120,5,no,0.96,2026-09-21T23:33:15.684413+00:00,no,True,0.04,2026-09-22T01:47:53.147175+00:00
HYPE,KXHYPED-26SEP2120-T93.2499,KXHYPED-26SEP2120,7,yes,0.87,2026-09-21T23:33:15.684437+00:00,yes,True,0.13,2026-09-22T01:47:53.147214+00:00
HYPE,KXHYPED-26SEP2120-T92.9999,KXHYPED-26SEP2120,9,yes,0.97,2026-09-21T23:33:15.684459+00:00,yes,True,0.03,2026-09-22T01:47:53.147251+00:00
HYPE,KXHYPED-26SEP2120-T92.7499,KXHYPED-26SEP2120,10,yes,0.99,2026-09-21T23:33:15.684482+00:00,yes,True,0.01,2026-09-22T01:47:53.147290+00:00
SOL,KXSOLD-26SEP2120-T119.9999,KXSOLD-26SEP2120,4,no,0.95,2026-09-21T23:33:15.770025+00:00,no,True,0.05,2026-09-22T01:47:53.147507+00:00
SOL,KXSOLD-26SEP2120-T119.7499,KXSOLD-26SEP2120,6,no,0.96,2026-09-21T23:33:15.770048+00:00,no,True,0.04,2026-09-22T01:47:53.147544+00:00
SOL,KXSOLD-26SEP2120-T119.4999,KXSOLD-26SEP2120,3,no,0.95,2026-09-21T23:33:15.770071+00:00,no,True,0.05,2026-09-22T01:47:53.147581+00:00
SOL,KXSOLD-26SEP2120-T118.4999,KXSOLD-26SEP2120,9,yes,0.73,2026-09-21T23:33:15.770110+00:00,yes,True,0.27,2026-09-22T01:47:53.147617+00:00
HYPE,KXHYPED-26SEP2122-T94.4999,KXHYPED-26SEP2122,8,no,0.99,2026-09-22T01:47:53.208892+00:00,no,True,0.01,2026-09-22T06:50:29.783603+00:00
HYPE,KXHYPED-26SEP2122-T94.2499,KXHYPED-26SEP2122,5,no,0.98,2026-09-22T01:47:53.208928+00:00,no,True,0.02,2026-09-22T06:50:29.783688+00:00
HYPE,KXHYPED-26SEP2122-T92.9999,KXHYPED-26SEP2122,6,yes,0.99,2026-09-22T01:47:53.208960+00:00,yes,True,0.01,2026-09-22T06:50:29.783753+00:00
HYPE,KXHYPED-26SEP2122-T92.7499,KXHYPED-26SEP2122,7,yes,0.99,2026-09-22T01:47:53.208992+00:00,yes,True,0.01,2026-09-22T06:50:29.783816+00:00
HYPE,KXHYPED-26SEP2122-T92.4999,KXHYPED-26SEP2122,9,yes,0.99,2026-09-22T01:47:53.209051+00:00,yes,True,0.01,2026-09-22T06:50:29.783878+00:00
HYPE,KXHYPED-26SEP2122-T92.2499,KXHYPED-26SEP2122,10,yes,0.99,2026-09-22T01:47:53.209106+00:00,yes,True,0.01,2026-09-22T06:50:29.783940+00:00
SOL,KXSOLD-26SEP2122-T118.7499,KXSOLD-26SEP2122,8,no,0.96,2026-09-22T01:47:53.255592+00:00,no,True,0.04,2026-09-22T06:50:29.784218+00:00
SOL,KXSOLD-26SEP2122-T118.2499,KXSOLD-26SEP2122,4,no,0.94,2026-09-22T01:47:53.255624+00:00,no,True,0.06,2026-09-22T06:50:29.784284+00:00
SOL,KXSOLD-26SEP2122-T117.9999,KXSOLD-26SEP2122,3,no,0.88,2026-09-22T01:47:53.255655+00:00,no,True,0.12,2026-09-22T06:50:29.784345+00:00
SOL,KXSOLD-26SEP2122-T117.7499,KXSOLD-26SEP2122,5,no,0.69,2026-09-22T01:47:53.255685+00:00,no,True,0.31,2026-09-22T06:50:29.784406+00:00
SOL,KXSOLD-26SEP2122-T117.2499,KXSOLD-26SEP2122,9,yes,0.86,2026-09-22T01:47:53.255716+00:00,yes,True,0.14,2026-09-22T06:50:29.784466+00:00
SOL,KXSOLD-26SEP2122-T116.9999,KXSOLD-26SEP2122,7,yes,0.97,2026-09-22T01:47:53.255746+00:00,yes,True,0.03,2026-09-22T06:50:29.784527+00:00
SOL,KXSOLD-26SEP2122-T116.7499,KXSOLD-26SEP2122,6,yes,0.97,2026-09-22T01:47:53.255775+00:00,yes,True,0.03,2026-09-22T06:50:29.784594+00:00
BNB,KXBNBD-26SEP2122-T804.99,KXBNBD-26SEP2122,7,no,0.97,2026-09-22T01:47:53.315727+00:00,no,True,0.03,2026-09-22T06:50:29.784707+00:00
BNB,KXBNBD-26SEP2122-T799.99,KXBNBD-26SEP2122,6,no,0.96,2026-09-22T01:47:53.315777+00:00,no,True,0.04,2026-09-22T06:50:29.784775+00:00
HYPE,KXHYPED-26SEP2203-T94.7499,KXHYPED-26SEP2203,7,no,0.97,2026-09-22T06:50:29.836774+00:00,no,True,0.03,2026-09-22T12:06:10.573050+00:00
HYPE,KXHYPED-26SEP2203-T94.4999,KXHYPED-26SEP2203,5,no,0.86,2026-09-22T06:50:29.836836+00:00,no,True,0.14,2026-09-22T12:06:10.573155+00:00
SOL,KXSOLD-26SEP2203-T117.4999,KXSOLD-26SEP2203,8,no,0.97,2026-09-22T06:50:29.885763+00:00,no,True,0.03,2026-09-22T12:06:10.573225+00:00
SOL,KXSOLD-26SEP2203-T117.2499,KXSOLD-26SEP2203,6,no,0.98,2026-09-22T06:50:29.885824+00:00,no,True,0.02,2026-09-22T12:06:10.573288+00:00
SOL,KXSOLD-26SEP2203-T116.9999,KXSOLD-26SEP2203,4,no,0.96,2026-09-22T06:50:29.885875+00:00,no,True,0.04,2026-09-22T12:06:10.573350+00:00
SOL,KXSOLD-26SEP2203-T116.2499,KXSOLD-26SEP2203,3,yes,0.94,2026-09-22T06:50:29.885923+00:00,yes,True,0.06,2026-09-22T12:06:10.573413+00:00
SOL,KXSOLD-26SEP2203-T115.9999,KXSOLD-26SEP2203,5,yes,0.97,2026-09-22T06:50:29.885970+00:00,yes,True,0.03,2026-09-22T12:06:10.573475+00:00
SOL,KXSOLD-26SEP2203-T115.7499,KXSOLD-26SEP2203,7,yes,0.97,2026-09-22T06:50:29.886016+00:00,yes,True,0.03,2026-09-22T12:06:10.573536+00:00
SOL,KXSOLD-26SEP2209-T116.9999,KXSOLD-26SEP2209,4,yes,0.69,2026-09-22T12:06:10.795628+00:00,yes,True,0.31,2026-09-22T16:51:40.865384+00:00
SOL,KXSOLD-26SEP2209-T116.7499,KXSOLD-26SEP2209,5,yes,0.81,2026-09-22T12:06:10.795693+00:00,yes,True,0.1899999999999999,2026-09-22T16:51:40.865445+00:00
SOL,KXSOLD-26SEP2209-T116.2499,KXSOLD-26SEP2209,3,yes,0.92,2026-09-22T12:06:10.795745+00:00,yes,True,0.0799999999999999,2026-09-22T16:51:40.865485+00:00
HYPE,KXHYPED-26SEP2213-T95.2499,KXHYPED-26SEP2213,5,yes,0.92,2026-09-22T16:51:40.947514+00:00,yes,True,0.0799999999999999,2026-09-22T19:55:46.775160+00:00
HYPE,KXHYPED-26SEP2213-T94.7499,KXHYPED-26SEP2213,6,yes,0.96,2026-09-22T16:51:40.947564+00:00,yes,True,0.04,2026-09-22T19:55:46.775237+00:00
SOL,KXSOLD-26SEP2213-T117.9999,KXSOLD-26SEP2213,8,no,0.91,2026-09-22T16:51:41.014181+00:00,no,True,0.0899999999999999,2026-09-22T19:55:46.775302+00:00
SOL,KXSOLD-26SEP2213-T117.7499,KXSOLD-26SEP2213,4,no,0.71,2026-09-22T16:51:41.014256+00:00,no,True,0.29,2026-09-22T19:55:46.775363+00:00
SOL,KXSOLD-26SEP2213-T117.4999,KXSOLD-26SEP2213,7,yes,0.63,2026-09-22T16:51:41.014297+00:00,yes,True,0.37,2026-09-22T19:55:46.775423+00:00
SOL,KXSOLD-26SEP2213-T116.7499,KXSOLD-26SEP2213,3,yes,0.97,2026-09-22T16:51:41.014331+00:00,yes,True,0.03,2026-09-22T19:55:46.775511+00:00
SOL,KXSOLD-26SEP2213-T116.4999,KXSOLD-26SEP2213,5,yes,0.96,2026-09-22T16:51:41.014370+00:00,yes,True,0.04,2026-09-22T19:55:46.775576+00:00
SOL,KXSOLD-26SEP2213-T116.2499,KXSOLD-26SEP2213,6,yes,0.97,2026-09-22T16:51:41.014403+00:00,yes,True,0.03,2026-09-22T19:55:46.775636+00:00
HYPE,KXHYPED-26SEP2217-T98.9999,KXHYPED-26SEP2217,10,no,0.93,2026-09-21T23:33:15.684205+00:00,no,True,0.0699999999999999,2026-09-22T22:39:07.063399+00:00
HYPE,KXHYPED-26SEP2217-T91.9999,KXHYPED-26SEP2217,7,yes,0.67,2026-09-21T23:33:15.684288+00:00,yes,True,0.3299999999999999,2026-09-22T22:39:07.063454+00:00
HYPE,KXHYPED-26SEP2217-T90.9999,KXHYPED-26SEP2217,8,yes,0.8,2026-09-21T23:33:15.684314+00:00,yes,True,0.1999999999999999,2026-09-22T22:39:07.063486+00:00
HYPE,KXHYPED-26SEP2217-T89.9999,KXHYPED-26SEP2217,9,yes,0.85,2026-09-21T23:33:15.684338+00:00,yes,True,0.15,2026-09-22T22:39:07.063516+00:00
SOL,KXSOLD-26SEP2217-T126.9999,KXSOLD-26SEP2217,6,no,0.88,2026-09-21T23:33:15.769804+00:00,no,True,0.12,2026-09-22T22:39:07.063557+00:00
SOL,KXSOLD-26SEP2217-T125.9999,KXSOLD-26SEP2217,7,no,0.93,2026-09-21T23:33:15.769847+00:00,no,True,0.0699999999999999,2026-09-22T22:39:07.063592+00:00
SOL,KXSOLD-26SEP2217-T123.9999,KXSOLD-26SEP2217,8,no,0.88,2026-09-21T23:33:15.769875+00:00,no,True,0.12,2026-09-22T22:39:07.063622+00:00
SOL,KXSOLD-26SEP2217-T122.9999,KXSOLD-26SEP2217,9,no,0.83,2026-09-21T23:33:15.769901+00:00,no,True,0.17,2026-09-22T22:39:07.063650+00:00
SOL,KXSOLD-26SEP2217-T121.9999,KXSOLD-26SEP2217,3,no,0.76,2026-09-21T23:33:15.769925+00:00,no,True,0.24,2026-09-22T22:39:07.063678+00:00
SOL,KXSOLD-26SEP2217-T119.9999,KXSOLD-26SEP2217,4,no,0.6,2026-09-21T23:33:15.769949+00:00,no,True,0.4,2026-09-22T22:39:07.063707+00:00
XRP,KXXRPD-26SEP2217-T1.6999,KXXRPD-26SEP2217,13,no,0.91,2026-09-21T23:33:16.102910+00:00,no,True,0.0899999999999999,2026-09-22T22:39:07.063736+00:00
XRP,KXXRPD-26SEP2217-T1.6399,KXXRPD-26SEP2217,14,no,0.85,2026-09-21T23:33:16.102954+00:00,no,True,0.15,2026-09-22T22:39:07.063764+00:00
XRP,KXXRPD-26SEP2217-T1.5999,KXXRPD-26SEP2217,9,no,0.76,2026-09-21T23:33:16.102982+00:00,no,True,0.24,2026-09-22T22:39:07.063792+00:00
XRP,KXXRPD-26SEP2217-T1.5799,KXXRPD-26SEP2217,11,no,0.68,2026-09-21T23:33:16.103009+00:00,no,True,0.3199999999999999,2026-09-22T22:39:07.063820+00:00
XRP,KXXRPD-26SEP2217-T1.4999,KXXRPD-26SEP2217,15,yes,0.7,2026-09-21T23:33:16.103071+00:00,yes,True,0.3,2026-09-22T22:39:07.063850+00:00
XRP,KXXRPD-26SEP2217-T1.3799,KXXRPD-26SEP2217,12,yes,0.93,2026-09-21T23:33:16.103096+00:00,yes,True,0.0699999999999999,2026-09-22T22:39:07.063880+00:00
HYPE,KXHYPED-26SEP2217-T97.9999,KXHYPED-26SEP2217,5,no,0.86,2026-09-22T01:47:53.208690+00:00,no,True,0.14,2026-09-22T22:39:07.063932+00:00
HYPE,KXHYPED-26SEP2217-T96.9999,KXHYPED-26SEP2217,8,no,0.8,2026-09-22T01:47:53.208742+00:00,no,True,0.1999999999999999,2026-09-22T22:39:07.063960+00:00
HYPE,KXHYPED-26SEP2217-T95.9999,KXHYPED-26SEP2217,9,no,0.74,2026-09-22T01:47:53.208780+00:00,yes,False,-0.74,2026-09-22T22:39:07.063995+00:00
HYPE,KXHYPED-26SEP2217-T94.9999,KXHYPED-26SEP2217,7,no,0.64,2026-09-22T01:47:53.208814+00:00,yes,False,-0.64,2026-09-22T22:39:07.064024+00:00
SOL,KXSOLD-26SEP2217-T133.9999,KXSOLD-26SEP2217,5,no,0.95,2026-09-22T01:47:53.255381+00:00,no,True,0.05,2026-09-22T22:39:07.064052+00:00
SOL,KXSOLD-26SEP2217-T127.9999,KXSOLD-26SEP2217,9,no,0.94,2026-09-22T01:47:53.255433+00:00,no,True,0.06,2026-09-22T22:39:07.064079+00:00
SOL,KXSOLD-26SEP2217-T124.9999,KXSOLD-26SEP2217,6,no,0.88,2026-09-22T01:47:53.255491+00:00,no,True,0.12,2026-09-22T22:39:07.064109+00:00
SOL,KXSOLD-26SEP2217-T118.9999,KXSOLD-26SEP2217,8,no,0.62,2026-09-22T01:47:53.255562+00:00,no,True,0.38,2026-09-22T22:39:07.064137+00:00
XRP,KXXRPD-26SEP2217-T1.7799,KXXRPD-26SEP2217,12,no,0.95,2026-09-22T01:47:53.359652+00:00,no,True,0.05,2026-09-22T22:39:07.064189+00:00
XRP,KXXRPD-26SEP2217-T1.6599,KXXRPD-26SEP2217,10,no,0.91,2026-09-22T01:47:53.359702+00:00,no,True,0.0899999999999999,2026-09-22T22:39:07.064220+00:00
XRP,KXXRPD-26SEP2217-T1.6199,KXXRPD-26SEP2217,9,no,0.89,2026-09-22T01:47:53.359739+00:00,no,True,0.1099999999999999,2026-09-22T22:39:07.064249+00:00
XRP,KXXRPD-26SEP2217-T1.5599,KXXRPD-26SEP2217,11,no,0.72,2026-09-22T01:47:53.359813+00:00,yes,False,-0.72,2026-09-22T22:39:07.064281+00:00
XRP,KXXRPD-26SEP2217-T1.5399,KXXRPD-26SEP2217,13,no,0.62,2026-09-22T01:47:53.359844+00:00,yes,False,-0.62,2026-09-22T22:39:07.064315+00:00
SOL,KXSOLD-26SEP2217-T120.9999,KXSOLD-26SEP2217,9,no,0.87,2026-09-22T06:50:29.886205+00:00,no,True,0.13,2026-09-22T22:39:07.064346+00:00
XRP,KXXRPD-26SEP2217-T1.7199,KXXRPD-26SEP2217,9,no,0.95,2026-09-22T06:50:29.973962+00:00,no,True,0.05,2026-09-22T22:39:07.064375+00:00
HYPE,KXHYPED-26SEP2217-T99.9999,KXHYPED-26SEP2217,5,no,0.95,2026-09-22T12:06:10.672701+00:00,no,True,0.05,2026-09-22T22:39:07.064405+00:00
HYPE,KXHYPED-26SEP2217-T101.9999,KXHYPED-26SEP2217,8,no,0.97,2026-09-22T12:06:10.672859+00:00,no,True,0.03,2026-09-22T22:39:07.064434+00:00
HYPE,KXHYPED-26SEP2217-T100.9999,KXHYPED-26SEP2217,9,no,0.95,2026-09-22T12:06:10.672909+00:00,no,True,0.05,2026-09-22T22:39:07.064462+00:00
SOL,KXSOLD-26SEP2217-T113.9999,KXSOLD-26SEP2217,8,yes,0.85,2026-09-22T12:06:10.795935+00:00,yes,True,0.15,2026-09-22T22:39:07.064490+00:00
SOL,KXSOLD-26SEP2217-T112.9999,KXSOLD-26SEP2217,9,yes,0.92,2026-09-22T12:06:10.795982+00:00,yes,True,0.0799999999999999,2026-09-22T22:39:07.064518+00:00
DOGE,KXDOGED-26SEP2217-T0.0949999,KXDOGED-26SEP2217,5,yes,0.84,2026-09-22T12:06:11.125760+00:00,yes,True,0.16,2026-09-22T22:39:07.064563+00:00
SOL,KXSOLD-26SEP2217-T115.9999,KXSOLD-26SEP2217,9,yes,0.81,2026-09-22T16:51:41.014510+00:00,yes,True,0.1899999999999999,2026-09-22T22:39:07.064597+00:00
SOL,KXSOLD-26SEP2217-T114.9999,KXSOLD-26SEP2217,8,yes,0.92,2026-09-22T16:51:41.014541+00:00,yes,True,0.0799999999999999,2026-09-22T22:39:07.064631+00:00
DOGE,KXDOGED-26SEP2217-T0.1199999,KXDOGED-26SEP2217,6,no,0.97,2026-09-22T16:51:41.262585+00:00,no,True,0.03,2026-09-22T22:39:07.064685+00:00
HYPE,KXHYPED-26SEP2216-T96.9999,KXHYPED-26SEP2216,5,no,0.97,2026-09-22T19:55:46.831947+00:00,no,True,0.03,2026-09-22T22:39:07.064761+00:00
HYPE,KXHYPED-26SEP2216-T95.7499,KXHYPED-26SEP2216,6,yes,0.97,2026-09-22T19:55:46.832010+00:00,yes,True,0.03,2026-09-22T22:39:07.064789+00:00
HYPE,KXHYPED-26SEP2217-T92.9999,KXHYPED-26SEP2217,6,yes,0.97,2026-09-22T19:55:46.832127+00:00,yes,True,0.03,2026-09-22T22:39:07.064817+00:00
SOL,KXSOLD-26SEP2216-T118.9999,KXSOLD-26SEP2216,6,no,0.97,2026-09-22T19:55:46.888426+00:00,no,True,0.03,2026-09-22T22:39:07.064845+00:00
SOL,KXSOLD-26SEP2216-T118.7499,KXSOLD-26SEP2216,5,no,0.96,2026-09-22T19:55:46.888524+00:00,no,True,0.04,2026-09-22T22:39:07.064872+00:00
SOL,KXSOLD-26SEP2216-T118.2499,KXSOLD-26SEP2216,3,no,0.97,2026-09-22T19:55:46.888579+00:00,no,True,0.03,2026-09-22T22:39:07.064900+00:00
SOL,KXSOLD-26SEP2216-T117.7499,KXSOLD-26SEP2216,4,yes,0.78,2026-09-22T19:55:46.888640+00:00,yes,True,0.2199999999999999,2026-09-22T22:39:07.064928+00:00
SOL,KXSOLD-26SEP2216-T117.4999,KXSOLD-26SEP2216,7,yes,0.97,2026-09-22T19:55:46.888687+00:00,yes,True,0.03,2026-09-22T22:39:07.064955+00:00
SOL,KXSOLD-26SEP2216-T117.2499,KXSOLD-26SEP2216,8,yes,0.97,2026-09-22T19:55:46.888735+00:00,yes,True,0.03,2026-09-22T22:39:07.064988+00:00
XRP,KXXRPD-26SEP2217-T1.4599,KXXRPD-26SEP2217,9,yes,0.97,2026-09-22T19:55:46.985251+00:00,yes,True,0.03,2026-09-22T22:39:07.065015+00:00
XRP,KXXRPD-26SEP2217-T1.4199,KXXRPD-26SEP2217,11,yes,0.95,2026-09-22T19:55:46.985307+00:00,yes,True,0.05,2026-09-22T22:39:07.065045+00:00
DOGE,KXDOGED-26SEP2217-T0.1249999,KXDOGED-26SEP2217,5,no,0.97,2026-09-22T19:55:47.038313+00:00,no,True,0.03,2026-09-22T22:39:07.065072+00:00
HYPE,KXHYPED-26SEP2219-T97.4999,KXHYPED-26SEP2219,5,no,0.81,2026-09-22T22:39:07.190641+00:00,no,True,0.1899999999999999,2026-09-23T00:55:26.203732+00:00
SOL,KXSOLD-26SEP2219-T118.7499,KXSOLD-26SEP2219,6,no,0.93,2026-09-22T22:39:07.312513+00:00,no,True,0.0699999999999999,2026-09-23T00:55:26.203851+00:00
SOL,KXSOLD-26SEP2219-T118.4999,KXSOLD-26SEP2219,5,no,0.72,2026-09-22T22:39:07.312537+00:00,no,True,0.28,2026-09-23T00:55:26.203876+00:00
SOL,KXSOLD-26SEP2219-T117.7499,KXSOLD-26SEP2219,3,yes,0.94,2026-09-22T22:39:07.312578+00:00,yes,True,0.06,2026-09-23T00:55:26.203898+00:00
SOL,KXSOLD-26SEP2219-T117.4999,KXSOLD-26SEP2219,4,yes,0.96,2026-09-22T22:39:07.312604+00:00,yes,True,0.04,2026-09-23T00:55:26.203918+00:00
SOL,KXSOLD-26SEP2219-T117.2499,KXSOLD-26SEP2219,7,yes,0.96,2026-09-22T22:39:07.312629+00:00,yes,True,0.04,2026-09-23T00:55:26.203939+00:00
SOL,KXSOLD-26SEP2219-T116.9999,KXSOLD-26SEP2219,8,yes,0.96,2026-09-22T22:39:07.312653+00:00,yes,True,0.04,2026-09-23T00:55:26.203959+00:00
HYPE,KXHYPED-26SEP2221-T98.2499,KXHYPED-26SEP2221,7,no,0.99,2026-09-23T00:55:26.338024+00:00,no,True,0.01,2026-09-23T05:26:02.867265+00:00
HYPE,KXHYPED-26SEP2221-T97.9999,KXHYPED-26SEP2221,8,no,0.99,2026-09-23T00:55:26.338051+00:00,no,True,0.01,2026-09-23T05:26:02.867379+00:00
HYPE,KXHYPED-26SEP2221-T96.7499,KXHYPED-26SEP2221,6,yes,0.99,2026-09-23T00:55:26.338071+00:00,yes,True,0.01,2026-09-23T05:26:02.867455+00:00
HYPE,KXHYPED-26SEP2221-T96.4999,KXHYPED-26SEP2221,5,yes,0.99,2026-09-23T00:55:26.338089+00:00,yes,True,0.01,2026-09-23T05:26:02.867518+00:00
HYPE,KXHYPED-26SEP2221-T96.2499,KXHYPED-26SEP2221,9,yes,0.99,2026-09-23T00:55:26.338107+00:00,yes,True,0.01,2026-09-23T05:26:02.867580+00:00
SOL,KXSOLD-26SEP2221-T119.7499,KXSOLD-26SEP2221,8,no,0.99,2026-09-23T00:55:26.464305+00:00,no,True,0.01,2026-09-23T05:26:02.867740+00:00
SOL,KXSOLD-26SEP2221-T119.4999,KXSOLD-26SEP2221,7,no,0.99,2026-09-23T00:55:26.464323+00:00,no,True,0.01,2026-09-23T05:26:02.867804+00:00
SOL,KXSOLD-26SEP2221-T119.2499,KXSOLD-26SEP2221,4,no,0.99,2026-09-23T00:55:26.464340+00:00,no,True,0.01,2026-09-23T05:26:02.867866+00:00
SOL,KXSOLD-26SEP2221-T118.4999,KXSOLD-26SEP2221,5,yes,0.97,2026-09-23T00:55:26.464357+00:00,yes,True,0.03,2026-09-23T05:26:02.867933+00:00
SOL,KXSOLD-26SEP2221-T118.2499,KXSOLD-26SEP2221,3,yes,0.99,2026-09-23T00:55:26.464374+00:00,yes,True,0.01,2026-09-23T05:26:02.867999+00:00
SOL,KXSOLD-26SEP2221-T117.9999,KXSOLD-26SEP2221,6,yes,0.99,2026-09-23T00:55:26.464391+00:00,yes,True,0.01,2026-09-23T05:26:02.868061+00:00
SOL,KXSOLD-26SEP2221-T117.7499,KXSOLD-26SEP2221,9,yes,0.99,2026-09-23T00:55:26.464408+00:00,yes,True,0.01,2026-09-23T05:26:02.868123+00:00
HYPE,KXHYPED-26SEP2302-T98.2499,KXHYPED-26SEP2302,7,no,0.85,2026-09-23T05:26:02.917704+00:00,no,True,0.15,2026-09-23T10:11:38.022129+00:00
HYPE,KXHYPED-26SEP2302-T97.4999,KXHYPED-26SEP2302,8,yes,0.73,2026-09-23T05:26:02.917808+00:00,no,False,-0.73,2026-09-23T10:11:38.022204+00:00
HYPE,KXHYPED-26SEP2302-T96.7499,KXHYPED-26SEP2302,5,yes,0.95,2026-09-23T05:26:02.917860+00:00,yes,True,0.05,2026-09-23T10:11:38.022266+00:00
SOL,KXSOLD-26SEP2302-T119.7499,KXSOLD-26SEP2302,6,no,0.94,2026-09-23T05:26:02.964643+00:00,no,True,0.06,2026-09-23T10:11:38.022578+00:00
SOL,KXSOLD-26SEP2302-T119.4999,KXSOLD-26SEP2302,4,no,0.85,2026-09-23T05:26:02.964707+00:00,no,True,0.15,2026-09-23T10:11:38.022640+00:00
SOL,KXSOLD-26SEP2302-T118.7499,KXSOLD-26SEP2302,3,yes,0.81,2026-09-23T05:26:02.964798+00:00,no,False,-0.81,2026-09-23T10:11:38.022720+00:00
SOL,KXSOLD-26SEP2302-T118.4999,KXSOLD-26SEP2302,7,yes,0.91,2026-09-23T05:26:02.964846+00:00,no,False,-0.91,2026-09-23T10:11:38.022787+00:00
SOL,KXSOLD-26SEP2302-T118.2499,KXSOLD-26SEP2302,8,yes,0.97,2026-09-23T05:26:02.964892+00:00,yes,True,0.03,2026-09-23T10:11:38.022849+00:00
SOL,KXSOLD-26SEP2307-T118.2499,KXSOLD-26SEP2307,7,no,0.94,2026-09-23T10:11:38.144189+00:00,no,True,0.06,2026-09-23T15:01:02.071134+00:00
SOL,KXSOLD-26SEP2307-T117.9999,KXSOLD-26SEP2307,5,no,0.9,2026-09-23T10:11:38.144249+00:00,no,True,0.0999999999999999,2026-09-23T15:01:02.071211+00:00
SOL,KXSOLD-26SEP2307-T117.7499,KXSOLD-26SEP2307,6,no,0.81,2026-09-23T10:11:38.144317+00:00,no,True,0.1899999999999999,2026-09-23T15:01:02.071274+00:00
SOL,KXSOLD-26SEP2307-T117.4999,KXSOLD-26SEP2307,3,no,0.63,2026-09-23T10:11:38.144390+00:00,yes,False,-0.63,2026-09-23T15:01:02.071335+00:00
SOL,KXSOLD-26SEP2307-T116.9999,KXSOLD-26SEP2307,4,yes,0.76,2026-09-23T10:11:38.144442+00:00,yes,True,0.24,2026-09-23T15:01:02.071420+00:00
SOL,KXSOLD-26SEP2317-T126.9999,KXSOLD-26SEP2317,4,no,0.97,2026-09-22T22:39:07.312348+00:00,no,True,0.03,2026-09-23T22:05:38.596079+00:00
SOL,KXSOLD-26SEP2317-T122.9999,KXSOLD-26SEP2317,3,no,0.89,2026-09-22T22:39:07.312390+00:00,no,True,0.1099999999999999,2026-09-23T22:05:38.596135+00:00
SOL,KXSOLD-26SEP2317-T119.9999,KXSOLD-26SEP2317,8,no,0.66,2026-09-22T22:39:07.312419+00:00,no,True,0.3399999999999999,2026-09-23T22:05:38.596170+00:00
SOL,KXSOLD-26SEP2317-T113.9999,KXSOLD-26SEP2317,7,yes,0.88,2026-09-22T22:39:07.312488+00:00,yes,True,0.12,2026-09-23T22:05:38.596204+00:00
XRP,KXXRPD-26SEP2317-T1.8799,KXXRPD-26SEP2317,12,no,0.97,2026-09-22T22:39:07.491264+00:00,no,True,0.03,2026-09-23T22:05:38.596239+00:00
XRP,KXXRPD-26SEP2317-T1.6399,KXXRPD-26SEP2317,8,no,0.83,2026-09-22T22:39:07.491311+00:00,no,True,0.17,2026-09-23T22:05:38.596273+00:00
XRP,KXXRPD-26SEP2317-T1.5399,KXXRPD-26SEP2317,10,yes,0.65,2026-09-22T22:39:07.491362+00:00,no,False,-0.65,2026-09-23T22:05:38.596305+00:00
XRP,KXXRPD-26SEP2317-T1.5199,KXXRPD-26SEP2317,11,yes,0.76,2026-09-22T22:39:07.491387+00:00,no,False,-0.76,2026-09-23T22:05:38.596337+00:00
SOL,KXSOLD-26SEP2317-T123.9999,KXSOLD-26SEP2317,3,no,0.89,2026-09-23T00:55:26.464205+00:00,no,True,0.1099999999999999,2026-09-23T22:05:38.596369+00:00
SOL,KXSOLD-26SEP2317-T120.9999,KXSOLD-26SEP2317,4,no,0.73,2026-09-23T00:55:26.464246+00:00,no,True,0.27,2026-09-23T22:05:38.596401+00:00
XRP,KXXRPD-26SEP2317-T1.7199,KXXRPD-26SEP2317,9,no,0.91,2026-09-23T00:55:26.664841+00:00,no,True,0.0899999999999999,2026-09-23T22:05:38.596433+00:00
XRP,KXXRPD-26SEP2317-T1.6599,KXXRPD-26SEP2317,8,no,0.82,2026-09-23T00:55:26.664871+00:00,no,True,0.18,2026-09-23T22:05:38.596466+00:00
XRP,KXXRPD-26SEP2317-T1.5599,KXXRPD-26SEP2317,11,yes,0.63,2026-09-23T00:55:26.664891+00:00,no,False,-0.63,2026-09-23T22:05:38.596498+00:00
XRP,KXXRPD-26SEP2317-T1.4799,KXXRPD-26SEP2317,10,yes,0.92,2026-09-23T00:55:26.664934+00:00,yes,True,0.0799999999999999,2026-09-23T22:05:38.596530+00:00
HYPE,KXHYPED-26SEP2317-T94.9999,KXHYPED-26SEP2317,7,yes,0.79,2026-09-23T05:26:02.917945+00:00,no,False,-0.79,2026-09-23T22:05:38.596560+00:00
HYPE,KXHYPED-26SEP2317-T93.9999,KXHYPED-26SEP2317,6,yes,0.82,2026-09-23T05:26:02.917993+00:00,no,False,-0.82,2026-09-23T22:05:38.596590+00:00
HYPE,KXHYPED-26SEP2317-T92.9999,KXHYPED-26SEP2317,10,yes,0.89,2026-09-23T05:26:02.918046+00:00,no,False,-0.89,2026-09-23T22:05:38.596622+00:00
HYPE,KXHYPED-26SEP2317-T91.9999,KXHYPED-26SEP2317,9,yes,0.94,2026-09-23T05:26:02.918095+00:00,yes,True,0.06,2026-09-23T22:05:38.596652+00:00
HYPE,KXHYPED-26SEP2317-T90.9999,KXHYPED-26SEP2317,8,yes,0.96,2026-09-23T05:26:02.918141+00:00,yes,True,0.04,2026-09-23T22:05:38.596684+00:00
SOL,KXSOLD-26SEP2317-T125.9999,KXSOLD-26SEP2317,8,no,0.95,2026-09-23T05:26:02.964941+00:00,no,True,0.05,2026-09-23T22:05:38.596717+00:00
SOL,KXSOLD-26SEP2317-T121.9999,KXSOLD-26SEP2317,4,no,0.82,2026-09-23T05:26:02.965019+00:00,no,True,0.18,2026-09-23T22:05:38.596748+00:00
SOL,KXSOLD-26SEP2317-T112.9999,KXSOLD-26SEP2317,7,yes,0.94,2026-09-23T05:26:02.965159+00:00,yes,True,0.06,2026-09-23T22:05:38.596780+00:00
XRP,KXXRPD-26SEP2317-T1.7999,KXXRPD-26SEP2317,15,no,0.93,2026-09-23T05:26:03.050765+00:00,no,True,0.0699999999999999,2026-09-23T22:05:38.596839+00:00
XRP,KXXRPD-26SEP2317-T1.7799,KXXRPD-26SEP2317,13,no,0.91,2026-09-23T05:26:03.050831+00:00,no,True,0.0899999999999999,2026-09-23T22:05:38.596872+00:00
XRP,KXXRPD-26SEP2317-T1.7399,KXXRPD-26SEP2317,10,no,0.87,2026-09-23T05:26:03.050914+00:00,no,True,0.13,2026-09-23T22:05:38.596904+00:00
XRP,KXXRPD-26SEP2317-T1.6799,KXXRPD-26SEP2317,8,no,0.76,2026-09-23T05:26:03.050992+00:00,no,True,0.24,2026-09-23T22:05:38.596937+00:00
DOGE,KXDOGED-26SEP2317-T0.0949999,KXDOGED-26SEP2317,5,yes,0.94,2026-09-23T05:26:03.092974+00:00,no,False,-0.94,2026-09-23T22:05:38.597020+00:00
HYPE,KXHYPED-26SEP2317-T97.9999,KXHYPED-26SEP2317,5,no,0.79,2026-09-23T10:11:38.084767+00:00,no,True,0.2099999999999999,2026-09-23T22:05:38.597055+00:00
SOL,KXSOLD-26SEP2317-T118.9999,KXSOLD-26SEP2317,6,no,0.72,2026-09-23T10:11:38.144644+00:00,no,True,0.28,2026-09-23T22:05:38.597089+00:00
XRP,KXXRPD-26SEP2317-T1.7599,KXXRPD-26SEP2317,10,no,0.94,2026-09-23T10:11:38.260158+00:00,no,True,0.06,2026-09-23T22:05:38.597121+00:00
HYPE,KXHYPED-26SEP2317-T96.9999,KXHYPED-26SEP2317,5,no,0.78,2026-09-23T15:01:02.134685+00:00,no,True,0.2199999999999999,2026-09-23T22:05:38.597153+00:00
HYPE,KXHYPED-26SEP2317-T95.9999,KXHYPED-26SEP2317,6,no,0.65,2026-09-23T15:01:02.134742+00:00,no,True,0.35,2026-09-23T22:05:38.597186+00:00
SOL,KXSOLD-26SEP2317-T117.9999,KXSOLD-26SEP2317,7,no,0.91,2026-09-23T15:01:02.195615+00:00,no,True,0.0899999999999999,2026-09-23T22:05:38.597217+00:00
SOL,KXSOLD-26SEP2317-T116.9999,KXSOLD-26SEP2317,6,no,0.8,2026-09-23T15:01:02.195668+00:00,no,True,0.1999999999999999,2026-09-23T22:05:38.597248+00:00
XRP,KXXRPD-26SEP2317-T1.4999,KXXRPD-26SEP2317,8,yes,0.72,2026-09-23T15:01:02.310127+00:00,no,False,-0.72,2026-09-23T22:05:38.597278+00:00
XRP,KXXRPD-26SEP2317-T1.4199,KXXRPD-26SEP2317,14,yes,0.96,2026-09-23T15:01:02.310210+00:00,yes,True,0.04,2026-09-23T22:05:38.597310+00:00
DOGE,KXDOGED-26SEP2317-T0.1249999,KXDOGED-26SEP2317,7,no,0.97,2026-09-23T15:01:02.367587+00:00,no,True,0.03,2026-09-23T22:05:38.597341+00:00
DOGE,KXDOGED-26SEP2317-T0.1199999,KXDOGED-26SEP2317,5,no,0.97,2026-09-23T15:01:02.367646+00:00,no,True,0.03,2026-09-23T22:05:38.597372+00:00
HYPE,KXHYPED-26SEP2315-T93.7499,KXHYPED-26SEP2315,6,yes,0.9,2026-09-23T18:57:48.518639+00:00,yes,True,0.0999999999999999,2026-09-23T22:05:38.597431+00:00
HYPE,KXHYPED-26SEP2315-T93.4999,KXHYPED-26SEP2315,5,yes,0.99,2026-09-23T18:57:48.518683+00:00,yes,True,0.01,2026-09-23T22:05:38.597462+00:00
SOL,KXSOLD-26SEP2315-T114.9999,KXSOLD-26SEP2315,7,no,0.97,2026-09-23T18:57:48.597854+00:00,no,True,0.03,2026-09-23T22:05:38.597493+00:00
SOL,KXSOLD-26SEP2315-T114.7499,KXSOLD-26SEP2315,5,no,0.97,2026-09-23T18:57:48.597906+00:00,no,True,0.03,2026-09-23T22:05:38.597523+00:00
SOL,KXSOLD-26SEP2315-T113.9999,KXSOLD-26SEP2315,3,yes,0.99,2026-09-23T18:57:48.597935+00:00,yes,True,0.01,2026-09-23T22:05:38.597553+00:00
SOL,KXSOLD-26SEP2315-T113.7499,KXSOLD-26SEP2315,4,yes,0.99,2026-09-23T18:57:48.597960+00:00,yes,True,0.01,2026-09-23T22:05:38.597583+00:00
SOL,KXSOLD-26SEP2315-T113.4999,KXSOLD-26SEP2315,6,yes,0.99,2026-09-23T18:57:48.597985+00:00,yes,True,0.01,2026-09-23T22:05:38.597615+00:00
SOL,KXSOLD-26SEP2317-T114.9999,KXSOLD-26SEP2317,8,no,0.73,2026-09-23T18:57:48.598081+00:00,no,True,0.27,2026-09-23T22:05:38.597645+00:00
XRP,KXXRPD-26SEP2317-T1.4399,KXXRPD-26SEP2317,15,yes,0.96,2026-09-23T18:57:48.802728+00:00,yes,True,0.04,2026-09-23T22:05:38.597699+00:00
DOGE,KXDOGED-26SEP2317-T0.0899999,KXDOGED-26SEP2317,5,yes,0.96,2026-09-23T18:57:48.898008+00:00,yes,True,0.04,2026-09-23T22:05:38.597753+00:00
HYPE,KXHYPED-26SEP2319-T93.9999,KXHYPED-26SEP2319,5,no,0.76,2026-09-23T22:05:38.686703+00:00,no,True,0.24,2026-09-24T00:26:40.008053+00:00
SOL,KXSOLD-26SEP2319-T114.9999,KXSOLD-26SEP2319,4,no,0.81,2026-09-23T22:05:38.765622+00:00,yes,False,-0.81,2026-09-24T00:26:40.008181+00:00
SOL,KXSOLD-26SEP2319-T114.2499,KXSOLD-26SEP2319,3,yes,0.77,2026-09-23T22:05:38.765644+00:00,yes,True,0.2299999999999999,2026-09-24T00:26:40.008209+00:00
SOL,KXSOLD-26SEP2319-T113.9999,KXSOLD-26SEP2319,6,yes,0.91,2026-09-23T22:05:38.765669+00:00,yes,True,0.0899999999999999,2026-09-24T00:26:40.008235+00:00
SOL,KXSOLD-26SEP2319-T113.7499,KXSOLD-26SEP2319,5,yes,0.95,2026-09-23T22:05:38.765691+00:00,yes,True,0.05,2026-09-24T00:26:40.008264+00:00
HYPE,KXHYPED-26SEP2321-T94.4999,KXHYPED-26SEP2321,6,no,0.87,2026-09-24T00:26:40.101070+00:00,no,True,0.13,2026-09-24T05:09:32.033528+00:00
SOL,KXSOLD-26SEP2321-T115.7499,KXSOLD-26SEP2321,6,no,0.9,2026-09-24T00:26:40.191423+00:00,no,True,0.0999999999999999,2026-09-24T05:09:32.033747+00:00
SOL,KXSOLD-26SEP2321-T114.7499,KXSOLD-26SEP2321,3,yes,0.9,2026-09-24T00:26:40.191458+00:00,yes,True,0.0999999999999999,2026-09-24T05:09:32.033780+00:00
SOL,KXSOLD-26SEP2321-T114.4999,KXSOLD-26SEP2321,5,yes,0.96,2026-09-24T00:26:40.191478+00:00,yes,True,0.04,2026-09-24T05:09:32.033812+00:00
HYPE,KXHYPED-26SEP2406-T92.7499,KXHYPED-26SEP2406,8,no,0.99,2026-09-24T09:57:10.442310+00:00,no,True,0.01,2026-09-24T14:38:20.227117+00:00
HYPE,KXHYPED-26SEP2406-T92.4999,KXHYPED-26SEP2406,9,no,0.99,2026-09-24T09:57:10.442383+00:00,no,True,0.01,2026-09-24T14:38:20.227181+00:00
HYPE,KXHYPED-26SEP2406-T92.2499,KXHYPED-26SEP2406,10,no,0.99,2026-09-24T09:57:10.442436+00:00,no,True,0.01,2026-09-24T14:38:20.227229+00:00
HYPE,KXHYPED-26SEP2406-T91.9999,KXHYPED-26SEP2406,7,no,0.99,2026-09-24T09:57:10.442486+00:00,no,True,0.01,2026-09-24T14:38:20.227284+00:00
HYPE,KXHYPED-26SEP2406-T90.9999,KXHYPED-26SEP2406,5,no,0.98,2026-09-24T09:57:10.442535+00:00,no,True,0.02,2026-09-24T14:38:20.227326+00:00
HYPE,KXHYPED-26SEP2406-T89.7499,KXHYPED-26SEP2406,6,yes,0.99,2026-09-24T09:57:10.442582+00:00,yes,True,0.01,2026-09-24T14:38:20.227364+00:00
SOL,KXSOLD-26SEP2406-T114.4999,KXSOLD-26SEP2406,8,no,0.99,2026-09-24T09:57:10.498247+00:00,no,True,0.01,2026-09-24T14:38:20.227423+00:00
SOL,KXSOLD-26SEP2406-T114.2499,KXSOLD-26SEP2406,7,no,0.99,2026-09-24T09:57:10.498313+00:00,no,True,0.01,2026-09-24T14:38:20.227491+00:00
SOL,KXSOLD-26SEP2406-T113.9999,KXSOLD-26SEP2406,6,no,0.97,2026-09-24T09:57:10.498366+00:00,no,True,0.03,2026-09-24T14:38:20.227537+00:00
SOL,KXSOLD-26SEP2406-T113.7499,KXSOLD-26SEP2406,5,no,0.94,2026-09-24T09:57:10.498415+00:00,no,True,0.06,2026-09-24T14:38:20.227575+00:00
SOL,KXSOLD-26SEP2406-T113.4999,KXSOLD-26SEP2406,3,no,0.94,2026-09-24T09:57:10.498462+00:00,no,True,0.06,2026-09-24T14:38:20.227620+00:00
SOL,KXSOLD-26SEP2406-T112.7499,KXSOLD-26SEP2406,4,yes,0.99,2026-09-24T09:57:10.498509+00:00,yes,True,0.01,2026-09-24T14:38:20.227658+00:00
SOL,KXSOLD-26SEP2406-T112.4999,KXSOLD-26SEP2406,9,yes,0.99,2026-09-24T09:57:10.498555+00:00,yes,True,0.01,2026-09-24T14:38:20.227696+00:00
HYPE,KXHYPED-26SEP2411-T92.2499,KXHYPED-26SEP2411,7,yes,0.9,2026-09-24T14:38:20.297232+00:00,no,False,-0.9,2026-09-24T18:39:20.401941+00:00
HYPE,KXHYPED-26SEP2411-T91.9999,KXHYPED-26SEP2411,5,yes,0.96,2026-09-24T14:38:20.297314+00:00,no,False,-0.96,2026-09-24T18:39:20.401994+00:00
HYPE,KXHYPED-26SEP2411-T91.7499,KXHYPED-26SEP2411,8,yes,0.96,2026-09-24T14:38:20.297353+00:00,no,False,-0.96,2026-09-24T18:39:20.402025+00:00
HYPE,KXHYPED-26SEP2411-T91.4999,KXHYPED-26SEP2411,6,yes,0.96,2026-09-24T14:38:20.297386+00:00,yes,True,0.04,2026-09-24T18:39:20.402056+00:00
SOL,KXSOLD-26SEP2411-T116.9999,KXSOLD-26SEP2411,9,no,0.91,2026-09-24T14:38:20.355563+00:00,no,True,0.0899999999999999,2026-09-24T18:39:20.402152+00:00
SOL,KXSOLD-26SEP2411-T116.4999,KXSOLD-26SEP2411,7,no,0.75,2026-09-24T14:38:20.355621+00:00,no,True,0.25,2026-09-24T18:39:20.402188+00:00
SOL,KXSOLD-26SEP2411-T115.4999,KXSOLD-26SEP2411,6,yes,0.83,2026-09-24T14:38:20.355688+00:00,no,False,-0.83,2026-09-24T18:39:20.402218+00:00
SOL,KXSOLD-26SEP2411-T114.9999,KXSOLD-26SEP2411,4,yes,0.91,2026-09-24T14:38:20.355722+00:00,no,False,-0.91,2026-09-24T18:39:20.402247+00:00
SOL,KXSOLD-26SEP2411-T114.7499,KXSOLD-26SEP2411,5,yes,0.94,2026-09-24T14:38:20.355755+00:00,no,False,-0.94,2026-09-24T18:39:20.402276+00:00
SOL,KXSOLD-26SEP2411-T113.9999,KXSOLD-26SEP2411,8,yes,0.8,2026-09-24T14:38:20.355786+00:00,yes,True,0.1999999999999999,2026-09-24T18:39:20.402305+00:00
HYPE,KXHYPED-26SEP2417-T88.9999,KXHYPED-26SEP2417,5,yes,0.91,2026-09-23T22:05:38.686658+00:00,yes,True,0.0899999999999999,2026-09-24T21:47:48.005712+00:00
SOL,KXSOLD-26SEP2417-T117.9999,KXSOLD-26SEP2417,3,no,0.84,2026-09-23T22:05:38.765460+00:00,no,True,0.16,2026-09-24T21:47:48.005765+00:00
SOL,KXSOLD-26SEP2417-T115.9999,KXSOLD-26SEP2417,5,no,0.65,2026-09-23T22:05:38.765503+00:00,yes,False,-0.65,2026-09-24T21:47:48.005796+00:00
SOL,KXSOLD-26SEP2417-T112.9999,KXSOLD-26SEP2417,7,yes,0.68,2026-09-23T22:05:38.765571+00:00,yes,True,0.3199999999999999,2026-09-24T21:47:48.005825+00:00
SOL,KXSOLD-26SEP2417-T111.9999,KXSOLD-26SEP2417,8,yes,0.77,2026-09-23T22:05:38.765596+00:00,yes,True,0.2299999999999999,2026-09-24T21:47:48.005854+00:00
XRP,KXXRPD-26SEP2417-T1.8799,KXXRPD-26SEP2417,8,no,0.97,2026-09-23T22:05:38.923579+00:00,no,True,0.03,2026-09-24T21:47:48.005883+00:00
HYPE,KXHYPED-26SEP2417-T94.9999,KXHYPED-26SEP2417,5,no,0.61,2026-09-24T00:26:40.100940+00:00,no,True,0.39,2026-09-24T21:47:48.005925+00:00
HYPE,KXHYPED-26SEP2417-T92.9999,KXHYPED-26SEP2417,7,yes,0.61,2026-09-24T00:26:40.100994+00:00,yes,True,0.39,2026-09-24T21:47:48.005963+00:00
HYPE,KXHYPED-26SEP2417-T91.9999,KXHYPED-26SEP2417,8,yes,0.73,2026-09-24T00:26:40.101017+00:00,yes,True,0.27,2026-09-24T21:47:48.005994+00:00
HYPE,KXHYPED-26SEP2417-T90.9999,KXHYPED-26SEP2417,9,yes,0.82,2026-09-24T00:26:40.101037+00:00,yes,True,0.18,2026-09-24T21:47:48.006024+00:00
SOL,KXSOLD-26SEP2417-T121.9999,KXSOLD-26SEP2417,7,no,0.91,2026-09-24T00:26:40.191269+00:00,no,True,0.0899999999999999,2026-09-24T21:47:48.006052+00:00
SOL,KXSOLD-26SEP2417-T119.9999,KXSOLD-26SEP2417,8,no,0.89,2026-09-24T00:26:40.191306+00:00,no,True,0.1099999999999999,2026-09-24T21:47:48.006081+00:00
SOL,KXSOLD-26SEP2417-T118.9999,KXSOLD-26SEP2417,9,no,0.83,2026-09-24T00:26:40.191329+00:00,no,True,0.17,2026-09-24T21:47:48.006109+00:00
SOL,KXSOLD-26SEP2417-T113.9999,KXSOLD-26SEP2417,6,yes,0.63,2026-09-24T00:26:40.191364+00:00,yes,True,0.37,2026-09-24T21:47:48.006137+00:00
SOL,KXSOLD-26SEP2417-T110.9999,KXSOLD-26SEP2417,4,yes,0.9,2026-09-24T00:26:40.191385+00:00,yes,True,0.0999999999999999,2026-09-24T21:47:48.006165+00:00
SOL,KXSOLD-26SEP2417-T108.9999,KXSOLD-26SEP2417,5,yes,0.95,2026-09-24T00:26:40.191404+00:00,yes,True,0.05,2026-09-24T21:47:48.006193+00:00
XRP,KXXRPD-26SEP2417-T1.5999,KXXRPD-26SEP2417,8,no,0.9,2026-09-24T00:26:40.351181+00:00,no,True,0.0999999999999999,2026-09-24T21:47:48.006221+00:00
XRP,KXXRPD-26SEP2417-T1.4799,KXXRPD-26SEP2417,10,yes,0.65,2026-09-24T00:26:40.351215+00:00,yes,True,0.35,2026-09-24T21:47:48.006250+00:00
XRP,KXXRPD-26SEP2417-T1.4599,KXXRPD-26SEP2417,9,yes,0.77,2026-09-24T00:26:40.351236+00:00,yes,True,0.2299999999999999,2026-09-24T21:47:48.006282+00:00
HYPE,KXHYPED-26SEP2417-T96.9999,KXHYPED-26SEP2417,5,no,0.88,2026-09-24T05:09:32.124977+00:00,no,True,0.12,2026-09-24T21:47:48.006310+00:00
HYPE,KXHYPED-26SEP2417-T95.9999,KXHYPED-26SEP2417,6,no,0.82,2026-09-24T05:09:32.125017+00:00,no,True,0.18,2026-09-24T21:47:48.006341+00:00
HYPE,KXHYPED-26SEP2417-T93.9999,KXHYPED-26SEP2417,8,no,0.64,2026-09-24T05:09:32.125058+00:00,no,True,0.36,2026-09-24T21:47:48.006370+00:00
SOL,KXSOLD-26SEP2417-T120.9999,KXSOLD-26SEP2417,4,no,0.89,2026-09-24T05:09:32.189922+00:00,no,True,0.1099999999999999,2026-09-24T21:47:48.006398+00:00
SOL,KXSOLD-26SEP2417-T116.9999,KXSOLD-26SEP2417,8,no,0.62,2026-09-24T05:09:32.189959+00:00,no,True,0.38,2026-09-24T21:47:48.006426+00:00
SOL,KXSOLD-26SEP2417-T109.9999,KXSOLD-26SEP2417,7,yes,0.93,2026-09-24T05:09:32.190029+00:00,yes,True,0.0699999999999999,2026-09-24T21:47:48.006453+00:00
XRP,KXXRPD-26SEP2417-T1.6199,KXXRPD-26SEP2417,11,no,0.93,2026-09-24T05:09:32.352623+00:00,no,True,0.0699999999999999,2026-09-24T21:47:48.006481+00:00
XRP,KXXRPD-26SEP2417-T1.4999,KXXRPD-26SEP2417,8,yes,0.61,2026-09-24T05:09:32.352658+00:00,yes,True,0.39,2026-09-24T21:47:48.006508+00:00
XRP,KXXRPD-26SEP2417-T1.3999,KXXRPD-26SEP2417,13,yes,0.95,2026-09-24T05:09:32.352710+00:00,yes,True,0.05,2026-09-24T21:47:48.006536+00:00
XRP,KXXRPD-26SEP2417-T1.3799,KXXRPD-26SEP2417,12,yes,0.96,2026-09-24T05:09:32.352731+00:00,yes,True,0.04,2026-09-24T21:47:48.006569+00:00
XRP,KXXRPD-26SEP2417-T1.6399,KXXRPD-26SEP2417,10,no,0.97,2026-09-24T09:57:10.599217+00:00,no,True,0.03,2026-09-24T21:47:48.006597+00:00
HYPE,KXHYPED-26SEP2417-T97.9999,KXHYPED-26SEP2417,7,no,0.96,2026-09-24T14:38:20.297418+00:00,no,True,0.04,2026-09-24T21:47:48.006624+00:00
HYPE,KXHYPED-26SEP2417-T84.9999,KXHYPED-26SEP2417,5,yes,0.96,2026-09-24T14:38:20.297532+00:00,yes,True,0.04,2026-09-24T21:47:48.006651+00:00
HYPE,KXHYPED-26SEP2415-T94.2499,KXHYPED-26SEP2415,9,no,0.84,2026-09-24T18:39:20.508921+00:00,no,True,0.16,2026-09-24T21:47:48.006678+00:00
HYPE,KXHYPED-26SEP2415-T93.9999,KXHYPED-26SEP2415,5,no,0.62,2026-09-24T18:39:20.508966+00:00,yes,False,-0.62,2026-09-24T21:47:48.006706+00:00
HYPE,KXHYPED-26SEP2415-T92.7499,KXHYPED-26SEP2415,6,yes,0.98,2026-09-24T18:39:20.508997+00:00,yes,True,0.02,2026-09-24T21:47:48.006735+00:00
HYPE,KXHYPED-26SEP2415-T92.2499,KXHYPED-26SEP2415,8,yes,0.98,2026-09-24T18:39:20.509025+00:00,yes,True,0.02,2026-09-24T21:47:48.006766+00:00
HYPE,KXHYPED-26SEP2417-T86.9999,KXHYPED-26SEP2417,7,yes,0.96,2026-09-24T18:39:20.509154+00:00,yes,True,0.04,2026-09-24T21:47:48.006794+00:00
SOL,KXSOLD-26SEP2415-T117.4999,KXSOLD-26SEP2415,3,no,0.62,2026-09-24T18:39:20.636097+00:00,no,True,0.38,2026-09-24T21:47:48.006823+00:00
SOL,KXSOLD-26SEP2415-T116.7499,KXSOLD-26SEP2415,4,yes,0.86,2026-09-24T18:39:20.636155+00:00,yes,True,0.14,2026-09-24T21:47:48.006855+00:00
SOL,KXSOLD-26SEP2415-T116.4999,KXSOLD-26SEP2415,5,yes,0.94,2026-09-24T18:39:20.636186+00:00,yes,True,0.06,2026-09-24T21:47:48.006886+00:00
SOL,KXSOLD-26SEP2415-T116.2499,KXSOLD-26SEP2415,7,yes,0.96,2026-09-24T18:39:20.636218+00:00,yes,True,0.04,2026-09-24T21:47:48.006935+00:00
SOL,KXSOLD-26SEP2415-T115.9999,KXSOLD-26SEP2415,6,yes,0.95,2026-09-24T18:39:20.636242+00:00,yes,True,0.05,2026-09-24T21:47:48.006983+00:00
SOL,KXSOLD-26SEP2417-T114.9999,KXSOLD-26SEP2417,6,yes,0.97,2026-09-24T18:39:20.636298+00:00,yes,True,0.03,2026-09-24T21:47:48.007014+00:00
HYPE,KXHYPED-26SEP2418-T94.4999,KXHYPED-26SEP2418,8,no,0.98,2026-09-24T21:47:48.070797+00:00,no,True,0.02,2026-09-25T00:03:55.051356+00:00
HYPE,KXHYPED-26SEP2418-T94.2499,KXHYPED-26SEP2418,7,no,0.98,2026-09-24T21:47:48.070842+00:00,no,True,0.02,2026-09-25T00:03:55.051438+00:00
HYPE,KXHYPED-26SEP2418-T93.9999,KXHYPED-26SEP2418,5,no,0.98,2026-09-24T21:47:48.070872+00:00,no,True,0.02,2026-09-25T00:03:55.051502+00:00
HYPE,KXHYPED-26SEP2418-T92.7499,KXHYPED-26SEP2418,6,yes,0.97,2026-09-24T21:47:48.070898+00:00,no,False,-0.97,2026-09-25T00:03:55.051563+00:00
SOL,KXSOLD-26SEP2418-T117.7499,KXSOLD-26SEP2418,6,no,0.96,2026-09-24T21:47:48.132314+00:00,no,True,0.04,2026-09-25T00:03:55.051632+00:00
SOL,KXSOLD-26SEP2418-T117.4999,KXSOLD-26SEP2418,5,no,0.94,2026-09-24T21:47:48.132358+00:00,no,True,0.06,2026-09-25T00:03:55.051694+00:00
SOL,KXSOLD-26SEP2418-T117.2499,KXSOLD-26SEP2418,3,no,0.85,2026-09-24T21:47:48.132390+00:00,no,True,0.15,2026-09-25T00:03:55.051754+00:00
SOL,KXSOLD-26SEP2418-T116.4999,KXSOLD-26SEP2418,7,yes,0.97,2026-09-24T21:47:48.132417+00:00,yes,True,0.03,2026-09-25T00:03:55.051813+00:00
SOL,KXSOLD-26SEP2418-T115.9999,KXSOLD-26SEP2418,4,yes,0.96,2026-09-24T21:47:48.132442+00:00,yes,True,0.04,2026-09-25T00:03:55.051872+00:00
HYPE,KXHYPED-26SEP2501-T92.2499,KXHYPED-26SEP2501,6,no,0.98,2026-09-25T04:46:08.356992+00:00,no,True,0.02,2026-09-25T09:50:01.825472+00:00
HYPE,KXHYPED-26SEP2501-T91.4999,KXHYPED-26SEP2501,5,yes,0.97,2026-09-25T04:46:08.357059+00:00,yes,True,0.03,2026-09-25T09:50:01.825555+00:00
HYPE,KXHYPED-26SEP2501-T90.7499,KXHYPED-26SEP2501,7,yes,0.98,2026-09-25T04:46:08.357111+00:00,yes,True,0.02,2026-09-25T09:50:01.825617+00:00
SOL,KXSOLD-26SEP2501-T117.4999,KXSOLD-26SEP2501,6,no,0.88,2026-09-25T04:46:08.413678+00:00,no,True,0.12,2026-09-25T09:50:01.825802+00:00
SOL,KXSOLD-26SEP2501-T116.4999,KXSOLD-26SEP2501,3,yes,0.96,2026-09-25T04:46:08.413783+00:00,no,False,-0.96,2026-09-25T09:50:01.825866+00:00
SOL,KXSOLD-26SEP2501-T116.2499,KXSOLD-26SEP2501,5,yes,0.95,2026-09-25T04:46:08.413835+00:00,yes,True,0.05,2026-09-25T09:50:01.825927+00:00
SOL,KXSOLD-26SEP2501-T115.9999,KXSOLD-26SEP2501,7,yes,0.96,2026-09-25T04:46:08.413883+00:00,yes,True,0.04,2026-09-25T09:50:01.825988+00:00
SOL,KXSOLD-26SEP2501-T115.7499,KXSOLD-26SEP2501,8,yes,0.96,2026-09-25T04:46:08.413931+00:00,yes,True,0.04,2026-09-25T09:50:01.826048+00:00
HYPE,KXHYPED-26SEP2506-T94.2499,KXHYPED-26SEP2506,6,no,0.98,2026-09-25T09:50:01.879807+00:00,no,True,0.02,2026-09-25T14:46:59.187701+00:00
HYPE,KXHYPED-26SEP2506-T93.9999,KXHYPED-26SEP2506,5,no,0.97,2026-09-25T09:50:01.879880+00:00,no,True,0.03,2026-09-25T14:46:59.187786+00:00
HYPE,KXHYPED-26SEP2506-T92.7499,KXHYPED-26SEP2506,7,yes,0.98,2026-09-25T09:50:01.879934+00:00,yes,True,0.02,2026-09-25T14:46:59.187851+00:00
HYPE,KXHYPED-26SEP2506-T92.4999,KXHYPED-26SEP2506,8,yes,0.98,2026-09-25T09:50:01.879983+00:00,yes,True,0.02,2026-09-25T14:46:59.187914+00:00
SOL,KXSOLD-26SEP2506-T118.7499,KXSOLD-26SEP2506,9,no,0.88,2026-09-25T09:50:01.931286+00:00,no,True,0.12,2026-09-25T14:46:59.187976+00:00
SOL,KXSOLD-26SEP2506-T118.4999,KXSOLD-26SEP2506,3,no,0.71,2026-09-25T09:50:01.931349+00:00,no,True,0.29,2026-09-25T14:46:59.188059+00:00
SOL,KXSOLD-26SEP2506-T117.9999,KXSOLD-26SEP2506,4,yes,0.88,2026-09-25T09:50:01.931400+00:00,yes,True,0.12,2026-09-25T14:46:59.188128+00:00
SOL,KXSOLD-26SEP2506-T117.2499,KXSOLD-26SEP2506,6,yes,0.97,2026-09-25T09:50:01.931448+00:00,yes,True,0.03,2026-09-25T14:46:59.188189+00:00
SOL,KXSOLD-26SEP2506-T116.7499,KXSOLD-26SEP2506,7,yes,0.97,2026-09-25T09:50:01.931495+00:00,yes,True,0.03,2026-09-25T14:46:59.188249+00:00
SOL,KXSOLD-26SEP2506-T116.4999,KXSOLD-26SEP2506,8,yes,0.81,2026-09-25T09:50:01.931543+00:00,yes,True,0.1899999999999999,2026-09-25T14:46:59.188309+00:00
SOL,KXSOLD-26SEP2506-T116.2499,KXSOLD-26SEP2506,5,yes,0.81,2026-09-25T09:50:01.931588+00:00,yes,True,0.1899999999999999,2026-09-25T14:46:59.188369+00:00
HYPE,KXHYPED-26SEP2511-T93.4999,KXHYPED-26SEP2511,8,no,0.98,2026-09-25T14:46:59.272833+00:00,no,True,0.02,2026-09-25T18:56:32.234285+00:00
HYPE,KXHYPED-26SEP2511-T93.2499,KXHYPED-26SEP2511,7,no,0.97,2026-09-25T14:46:59.272896+00:00,no,True,0.03,2026-09-25T18:56:32.234349+00:00
HYPE,KXHYPED-26SEP2511-T92.9999,KXHYPED-26SEP2511,5,no,0.98,2026-09-25T14:46:59.272947+00:00,no,True,0.02,2026-09-25T18:56:32.234394+00:00
HYPE,KXHYPED-26SEP2511-T91.2499,KXHYPED-26SEP2511,6,yes,0.94,2026-09-25T14:46:59.272995+00:00,yes,True,0.06,2026-09-25T18:56:32.234433+00:00
HYPE,KXHYPED-26SEP2511-T90.9999,KXHYPED-26SEP2511,9,yes,0.98,2026-09-25T14:46:59.273071+00:00,yes,True,0.02,2026-09-25T18:56:32.234472+00:00
SOL,KXSOLD-26SEP2511-T120.2499,KXSOLD-26SEP2511,3,no,0.79,2026-09-25T14:46:59.343625+00:00,yes,False,-0.79,2026-09-25T18:56:32.234523+00:00
SOL,KXSOLD-26SEP2511-T119.2499,KXSOLD-26SEP2511,9,yes,0.76,2026-09-25T14:46:59.343727+00:00,yes,True,0.24,2026-09-25T18:56:32.234572+00:00
SOL,KXSOLD-26SEP2511-T118.9999,KXSOLD-26SEP2511,4,yes,0.86,2026-09-25T14:46:59.343778+00:00,yes,True,0.14,2026-09-25T18:56:32.234614+00:00
SOL,KXSOLD-26SEP2511-T118.7499,KXSOLD-26SEP2511,7,yes,0.92,2026-09-25T14:46:59.343825+00:00,yes,True,0.0799999999999999,2026-09-25T18:56:32.234654+00:00
SOL,KXSOLD-26SEP2511-T118.4999,KXSOLD-26SEP2511,6,yes,0.95,2026-09-25T14:46:59.343871+00:00,yes,True,0.05,2026-09-25T18:56:32.234693+00:00
SOL,KXSOLD-26SEP2511-T118.2499,KXSOLD-26SEP2511,8,yes,0.95,2026-09-25T14:46:59.343916+00:00,yes,True,0.05,2026-09-25T18:56:32.234731+00:00
XRP,KXXRPD-26SEP2511-T2.1199,KXXRPD-26SEP2511,8,no,0.99,2026-09-25T14:46:59.499281+00:00,no,True,0.01,2026-09-25T18:56:32.234769+00:00
XRP,KXXRPD-26SEP2511-T2.0999,KXXRPD-26SEP2511,9,no,0.99,2026-09-25T14:46:59.499343+00:00,no,True,0.01,2026-09-25T18:56:32.234807+00:00
XRP,KXXRPD-26SEP2511-T2.0799,KXXRPD-26SEP2511,10,no,0.99,2026-09-25T14:46:59.499393+00:00,no,True,0.01,2026-09-25T18:56:32.234844+00:00
XRP,KXXRPD-26SEP2511-T2.0599,KXXRPD-26SEP2511,11,no,0.99,2026-09-25T14:46:59.499440+00:00,no,True,0.01,2026-09-25T18:56:32.234882+00:00
XRP,KXXRPD-26SEP2511-T2.0399,KXXRPD-26SEP2511,12,no,0.99,2026-09-25T14:46:59.499487+00:00,no,True,0.01,2026-09-25T18:56:32.234919+00:00
XRP,KXXRPD-26SEP2511-T2.0199,KXXRPD-26SEP2511,13,no,0.99,2026-09-25T14:46:59.499534+00:00,no,True,0.01,2026-09-25T18:56:32.234957+00:00
XRP,KXXRPD-26SEP2511-T1.9999,KXXRPD-26SEP2511,14,no,0.99,2026-09-25T14:46:59.499581+00:00,no,True,0.01,2026-09-25T18:56:32.234995+00:00
SOL,KXSOLD-26SEP2517-T119.9999,KXSOLD-26SEP2517,3,no,0.82,2026-09-19T07:48:54.494404+00:00,yes,False,-0.82,2026-09-25T21:58:06.718586+00:00
SOL,KXSOLD-26SEP2517-T115.9999,KXSOLD-26SEP2517,7,no,0.68,2026-09-19T07:48:54.494448+00:00,yes,False,-0.68,2026-09-25T21:58:06.718698+00:00
SOL,KXSOLD-26SEP2517-T114.9999,KXSOLD-26SEP2517,4,no,0.64,2026-09-19T07:48:54.494492+00:00,yes,False,-0.64,2026-09-25T21:58:06.718786+00:00
SOL,KXSOLD-26SEP2517-T113.9999,KXSOLD-26SEP2517,6,no,0.61,2026-09-19T07:48:54.494573+00:00,yes,False,-0.61,2026-09-25T21:58:06.718862+00:00
XRP,KXXRPD-26SEP2517-T1.4799,KXXRPD-26SEP2517,8,no,0.7,2026-09-19T07:48:54.590457+00:00,yes,False,-0.7,2026-09-25T21:58:06.718941+00:00
XRP,KXXRPD-26SEP2517-T1.4599,KXXRPD-26SEP2517,9,no,0.65,2026-09-19T07:48:54.590503+00:00,yes,False,-0.65,2026-09-25T21:58:06.719067+00:00
XRP,KXXRPD-26SEP2517-T1.3599,KXXRPD-26SEP2517,10,yes,0.63,2026-09-19T07:48:54.590579+00:00,yes,True,0.37,2026-09-25T21:58:06.719172+00:00
XRP,KXXRPD-26SEP2517-T1.3399,KXXRPD-26SEP2517,11,yes,0.73,2026-09-19T07:48:54.590632+00:00,yes,True,0.27,2026-09-25T21:58:06.719261+00:00
SOL,KXSOLD-26SEP2517-T117.9999,KXSOLD-26SEP2517,3,no,0.75,2026-09-19T08:47:46.817723+00:00,yes,False,-0.75,2026-09-25T21:58:06.719332+00:00
SOL,KXSOLD-26SEP2517-T128.9999,KXSOLD-26SEP2517,3,no,0.92,2026-09-19T11:48:45.109758+00:00,no,True,0.0799999999999999,2026-09-25T21:58:06.719399+00:00
SOL,KXSOLD-26SEP2517-T118.9999,KXSOLD-26SEP2517,5,no,0.77,2026-09-19T11:48:45.109799+00:00,yes,False,-0.77,2026-09-25T21:58:06.719465+00:00
SOL,KXSOLD-26SEP2517-T106.9999,KXSOLD-26SEP2517,4,yes,0.72,2026-09-19T11:48:45.109872+00:00,yes,True,0.28,2026-09-25T21:58:06.719532+00:00
SOL,KXSOLD-26SEP2517-T96.9999,KXSOLD-26SEP2517,4,yes,0.94,2026-09-19T17:29:39.114131+00:00,yes,True,0.06,2026-09-25T21:58:06.719597+00:00
SOL,KXSOLD-26SEP2517-T120.9999,KXSOLD-26SEP2517,3,no,0.83,2026-09-19T19:31:03.511026+00:00,yes,False,-0.83,2026-09-25T21:58:06.719662+00:00
SOL,KXSOLD-26SEP2517-T104.9999,KXSOLD-26SEP2517,9,yes,0.73,2026-09-19T21:41:14.029728+00:00,yes,True,0.27,2026-09-25T21:58:06.719725+00:00
SOL,KXSOLD-26SEP2517-T103.9999,KXSOLD-26SEP2517,8,yes,0.76,2026-09-19T21:41:14.029773+00:00,yes,True,0.24,2026-09-25T21:58:06.719789+00:00
SOL,KXSOLD-26SEP2517-T99.9999,KXSOLD-26SEP2517,7,yes,0.89,2026-09-19T23:33:34.392691+00:00,yes,True,0.1099999999999999,2026-09-25T21:58:06.719853+00:00
SOL,KXSOLD-26SEP2517-T98.9999,KXSOLD-26SEP2517,9,yes,0.91,2026-09-19T23:33:34.392738+00:00,yes,True,0.0899999999999999,2026-09-25T21:58:06.719916+00:00
XRP,KXXRPD-26SEP2517-T1.4399,KXXRPD-26SEP2517,10,no,0.6,2026-09-20T01:33:16.588929+00:00,yes,False,-0.6,2026-09-25T21:58:06.720010+00:00
XRP,KXXRPD-26SEP2517-T1.3199,KXXRPD-26SEP2517,10,yes,0.68,2026-09-20T06:54:29.181324+00:00,yes,True,0.3199999999999999,2026-09-25T21:58:06.720084+00:00
XRP,KXXRPD-26SEP2517-T1.4999,KXXRPD-26SEP2517,9,no,0.77,2026-09-20T18:13:18.850209+00:00,yes,False,-0.77,2026-09-25T21:58:06.720147+00:00
XRP,KXXRPD-26SEP2517-T1.5999,KXXRPD-26SEP2517,8,no,0.89,2026-09-20T22:44:45.541521+00:00,no,True,0.1099999999999999,2026-09-25T21:58:06.720210+00:00
SOL,KXSOLD-26SEP2517-T122.9999,KXSOLD-26SEP2517,7,no,0.75,2026-09-21T10:51:37.072544+00:00,no,True,0.25,2026-09-25T21:58:06.720272+00:00
SOL,KXSOLD-26SEP2517-T109.9999,KXSOLD-26SEP2517,5,yes,0.72,2026-09-21T10:51:37.072613+00:00,yes,True,0.28,2026-09-25T21:58:06.720332+00:00
XRP,KXXRPD-26SEP2517-T1.7199,KXXRPD-26SEP2517,11,no,0.89,2026-09-21T10:51:37.184223+00:00,no,True,0.1099999999999999,2026-09-25T21:58:06.720393+00:00
XRP,KXXRPD-26SEP2517-T1.4199,KXXRPD-26SEP2517,8,yes,0.68,2026-09-21T10:51:37.184273+00:00,yes,True,0.3199999999999999,2026-09-25T21:58:06.720454+00:00
XRP,KXXRPD-26SEP2517-T1.3799,KXXRPD-26SEP2517,9,yes,0.79,2026-09-21T10:51:37.184304+00:00,yes,True,0.2099999999999999,2026-09-25T21:58:06.720515+00:00
XRP,KXXRPD-26SEP2517-T1.2999,KXXRPD-26SEP2517,10,yes,0.92,2026-09-21T10:51:37.184393+00:00,yes,True,0.0799999999999999,2026-09-25T21:58:06.720576+00:00
SOL,KXSOLD-26SEP2517-T123.9999,KXSOLD-26SEP2517,7,no,0.75,2026-09-21T16:39:16.869052+00:00,no,True,0.25,2026-09-25T21:58:06.720645+00:00
SOL,KXSOLD-26SEP2517-T108.9999,KXSOLD-26SEP2517,6,yes,0.85,2026-09-21T16:39:16.869181+00:00,yes,True,0.15,2026-09-25T21:58:06.720708+00:00
XRP,KXXRPD-26SEP2517-T1.6799,KXXRPD-26SEP2517,14,no,0.87,2026-09-21T16:39:16.998968+00:00,no,True,0.13,2026-09-25T21:58:06.720771+00:00
XRP,KXXRPD-26SEP2517-T1.7799,KXXRPD-26SEP2517,11,no,0.91,2026-09-21T20:35:04.484041+00:00,no,True,0.0899999999999999,2026-09-25T21:58:06.720833+00:00
XRP,KXXRPD-26SEP2517-T1.6399,KXXRPD-26SEP2517,8,no,0.79,2026-09-21T20:35:04.484093+00:00,no,True,0.2099999999999999,2026-09-25T21:58:06.720895+00:00
XRP,KXXRPD-26SEP2517-T1.7599,KXXRPD-26SEP2517,8,no,0.87,2026-09-21T23:33:16.103136+00:00,no,True,0.13,2026-09-25T21:58:06.720958+00:00
SOL,KXSOLD-26SEP2517-T112.9999,KXSOLD-26SEP2517,7,yes,0.69,2026-09-22T01:47:53.255859+00:00,yes,True,0.31,2026-09-25T21:58:06.721071+00:00
XRP,KXXRPD-26SEP2517-T1.6199,KXXRPD-26SEP2517,8,no,0.66,2026-09-22T16:51:41.184493+00:00,no,True,0.3399999999999999,2026-09-25T21:58:06.721146+00:00
DOGE,KXDOGED-26SEP2517-T0.1249999,KXDOGED-26SEP2517,6,no,0.96,2026-09-22T16:51:41.262686+00:00,no,True,0.04,2026-09-25T21:58:06.721218+00:00
DOGE,KXDOGED-26SEP2517-T0.1199999,KXDOGED-26SEP2517,5,no,0.95,2026-09-22T16:51:41.262720+00:00,no,True,0.05,2026-09-25T21:58:06.721283+00:00
SOL,KXSOLD-26SEP2517-T116.9999,KXSOLD-26SEP2517,5,yes,0.61,2026-09-23T05:26:02.965291+00:00,yes,True,0.39,2026-09-25T21:58:06.721351+00:00
XRP,KXXRPD-26SEP2517-T1.5599,KXXRPD-26SEP2517,14,yes,0.64,2026-09-23T05:26:03.051294+00:00,yes,True,0.36,2026-09-25T21:58:06.721413+00:00
DOGE,KXDOGED-26SEP2517-T0.1299999,KXDOGED-26SEP2517,5,no,0.96,2026-09-23T15:01:02.367729+00:00,no,True,0.04,2026-09-25T21:58:06.721475+00:00
SOL,KXSOLD-26SEP2517-T100.9999,KXSOLD-26SEP2517,8,yes,0.97,2026-09-23T18:57:48.598219+00:00,yes,True,0.03,2026-09-25T21:58:06.721538+00:00
XRP,KXXRPD-26SEP2517-T1.6599,KXXRPD-26SEP2517,8,no,0.87,2026-09-23T18:57:48.802799+00:00,no,True,0.13,2026-09-25T21:58:06.721603+00:00
SOL,KXSOLD-26SEP2517-T110.9999,KXSOLD-26SEP2517,3,yes,0.97,2026-09-25T00:03:55.177160+00:00,yes,True,0.03,2026-09-25T21:58:06.721664+00:00
HYPE,KXHYPED-26SEP2517-T93.9999,KXHYPED-26SEP2517,5,no,0.77,2026-09-25T04:46:08.357160+00:00,no,True,0.2299999999999999,2026-09-25T21:58:06.721726+00:00
HYPE,KXHYPED-26SEP2517-T92.9999,KXHYPED-26SEP2517,6,no,0.64,2026-09-25T04:46:08.357209+00:00,no,True,0.36,2026-09-25T21:58:06.721786+00:00
XRP,KXXRPD-26SEP2517-T1.6999,KXXRPD-26SEP2517,13,no,0.94,2026-09-25T14:46:59.499627+00:00,no,True,0.06,2026-09-25T21:58:06.721847+00:00
DOGE,KXDOGED-26SEP2517-T0.1349999,KXDOGED-26SEP2517,5,no,0.96,2026-09-25T14:46:59.564443+00:00,no,True,0.04,2026-09-25T21:58:06.721908+00:00
HYPE,KXHYPED-26SEP2515-T90.9999,KXHYPED-26SEP2515,5,yes,0.99,2026-09-25T18:56:32.318311+00:00,yes,True,0.01,2026-09-25T21:58:06.721975+00:00
HYPE,KXHYPED-26SEP2515-T90.7499,KXHYPED-26SEP2515,6,yes,0.99,2026-09-25T18:56:32.318360+00:00,yes,True,0.01,2026-09-25T21:58:06.722065+00:00
HYPE,KXHYPED-26SEP2517-T89.9999,KXHYPED-26SEP2517,5,yes,0.94,2026-09-25T18:56:32.318469+00:00,yes,True,0.06,2026-09-25T21:58:06.722128+00:00
SOL,KXSOLD-26SEP2515-T122.2499,KXSOLD-26SEP2515,3,no,0.88,2026-09-25T18:56:32.373783+00:00,no,True,0.12,2026-09-25T21:58:06.722188+00:00
SOL,KXSOLD-26SEP2515-T121.7499,KXSOLD-26SEP2515,6,yes,0.88,2026-09-25T18:56:32.373831+00:00,yes,True,0.12,2026-09-25T21:58:06.722248+00:00
SOL,KXSOLD-26SEP2515-T121.4999,KXSOLD-26SEP2515,7,yes,0.99,2026-09-25T18:56:32.373862+00:00,yes,True,0.01,2026-09-25T21:58:06.722316+00:00
SOL,KXSOLD-26SEP2515-T121.2499,KXSOLD-26SEP2515,5,yes,0.99,2026-09-25T18:56:32.373891+00:00,yes,True,0.01,2026-09-25T21:58:06.722377+00:00
SOL,KXSOLD-26SEP2515-T120.9999,KXSOLD-26SEP2515,4,yes,0.99,2026-09-25T18:56:32.373920+00:00,yes,True,0.01,2026-09-25T21:58:06.722438+00:00
SOL,KXSOLD-26SEP2515-T120.7499,KXSOLD-26SEP2515,8,yes,0.99,2026-09-25T18:56:32.373946+00:00,yes,True,0.01,2026-09-25T21:58:06.722497+00:00
SOL,KXSOLD-26SEP2515-T120.4999,KXSOLD-26SEP2515,9,yes,0.99,2026-09-25T18:56:32.373973+00:00,yes,True,0.01,2026-09-25T21:58:06.722563+00:00
SOL,KXSOLD-26SEP2517-T111.9999,KXSOLD-26SEP2517,3,yes,0.98,2026-09-25T18:56:32.374084+00:00,yes,True,0.02,2026-09-25T21:58:06.722629+00:00
DOGE,KXDOGED-26SEP2517-T0.1949999,KXDOGED-26SEP2517,5,no,0.98,2026-09-25T18:56:32.542117+00:00,no,True,0.02,2026-09-25T21:58:06.722690+00:00
HYPE,KXHYPED-26SEP2518-T92.2499,KXHYPED-26SEP2518,6,no,0.99,2026-09-25T21:58:06.803803+00:00,no,True,0.01,2026-09-26T00:24:01.496244+00:00
HYPE,KXHYPED-26SEP2518-T90.9999,KXHYPED-26SEP2518,5,yes,0.99,2026-09-25T21:58:06.803868+00:00,yes,True,0.01,2026-09-26T00:24:01.496353+00:00
SOL,KXSOLD-26SEP2518-T122.2499,KXSOLD-26SEP2518,8,no,0.99,2026-09-25T21:58:06.899895+00:00,no,True,0.01,2026-09-26T00:24:01.496693+00:00
SOL,KXSOLD-26SEP2518-T121.9999,KXSOLD-26SEP2518,6,no,0.99,2026-09-25T21:58:06.899942+00:00,no,True,0.01,2026-09-26T00:24:01.496747+00:00
SOL,KXSOLD-26SEP2518-T121.7499,KXSOLD-26SEP2518,4,no,0.99,2026-09-25T21:58:06.900024+00:00,no,True,0.01,2026-09-26T00:24:01.496794+00:00
SOL,KXSOLD-26SEP2518-T121.4999,KXSOLD-26SEP2518,5,no,0.99,2026-09-25T21:58:06.900101+00:00,no,True,0.01,2026-09-26T00:24:01.496837+00:00
SOL,KXSOLD-26SEP2518-T120.7499,KXSOLD-26SEP2518,3,yes,0.94,2026-09-25T21:58:06.900154+00:00,yes,True,0.06,2026-09-26T00:24:01.496882+00:00
SOL,KXSOLD-26SEP2518-T120.4999,KXSOLD-26SEP2518,7,yes,0.99,2026-09-25T21:58:06.900200+00:00,yes,True,0.01,2026-09-26T00:24:01.496925+00:00
HYPE,KXHYPED-26SEP2521-T92.9999,KXHYPED-26SEP2521,6,no,0.98,2026-09-26T00:24:01.573292+00:00,no,True,0.02,2026-09-26T05:12:50.575158+00:00
HYPE,KXHYPED-26SEP2521-T91.7499,KXHYPED-26SEP2521,5,yes,0.98,2026-09-26T00:24:01.573331+00:00,no,False,-0.98,2026-09-26T05:12:50.575267+00:00
SOL,KXSOLD-26SEP2521-T122.4999,KXSOLD-26SEP2521,5,no,0.77,2026-09-26T00:24:01.643978+00:00,no,True,0.2299999999999999,2026-09-26T05:12:50.575563+00:00
SOL,KXSOLD-26SEP2521-T121.4999,KXSOLD-26SEP2521,4,yes,0.94,2026-09-26T00:24:01.644033+00:00,no,False,-0.94,2026-09-26T05:12:50.575630+00:00
HYPE,KXHYPED-26SEP2602-T91.9999,KXHYPED-26SEP2602,5,no,0.6,2026-09-26T05:12:50.637204+00:00,no,True,0.4,2026-09-26T09:52:39.379232+00:00
SOL,KXSOLD-26SEP2602-T120.7499,KXSOLD-26SEP2602,4,no,0.76,2026-09-26T05:12:50.706652+00:00,no,True,0.24,2026-09-26T09:52:39.379321+00:00
HYPE,KXHYPED-26SEP2606-T92.2499,KXHYPED-26SEP2606,5,no,0.98,2026-09-26T09:52:39.502592+00:00,no,True,0.02,2026-09-26T13:54:57.146332+00:00
SOL,KXSOLD-26SEP2606-T122.2499,KXSOLD-26SEP2606,9,no,0.99,2026-09-26T09:52:39.625712+00:00,no,True,0.01,2026-09-26T13:54:57.146384+00:00
SOL,KXSOLD-26SEP2606-T120.9999,KXSOLD-26SEP2606,8,no,0.97,2026-09-26T09:52:39.625745+00:00,no,True,0.03,2026-09-26T13:54:57.146416+00:00
SOL,KXSOLD-26SEP2606-T120.4999,KXSOLD-26SEP2606,5,no,0.96,2026-09-26T09:52:39.625766+00:00,no,True,0.04,2026-09-26T13:54:57.146446+00:00
SOL,KXSOLD-26SEP2606-T120.2499,KXSOLD-26SEP2606,3,no,0.96,2026-09-26T09:52:39.625787+00:00,no,True,0.04,2026-09-26T13:54:57.146478+00:00
SOL,KXSOLD-26SEP2606-T119.7499,KXSOLD-26SEP2606,4,yes,0.91,2026-09-26T09:52:39.625806+00:00,yes,True,0.0899999999999999,2026-09-26T13:54:57.146508+00:00
SOL,KXSOLD-26SEP2606-T119.4999,KXSOLD-26SEP2606,7,yes,0.94,2026-09-26T09:52:39.625823+00:00,yes,True,0.06,2026-09-26T13:54:57.146543+00:00
SOL,KXSOLD-26SEP2606-T119.2499,KXSOLD-26SEP2606,6,yes,0.96,2026-09-26T09:52:39.625840+00:00,yes,True,0.04,2026-09-26T13:54:57.146572+00:00
HYPE,KXHYPED-26SEP2610-T91.4999,KXHYPED-26SEP2610,5,yes,0.98,2026-09-26T13:54:57.253958+00:00,yes,True,0.02,2026-09-26T17:32:06.389575+00:00
SOL,KXSOLD-26SEP2610-T121.7499,KXSOLD-26SEP2610,8,no,0.96,2026-09-26T13:54:57.316484+00:00,no,True,0.04,2026-09-26T17:32:06.389664+00:00
SOL,KXSOLD-26SEP2610-T121.4999,KXSOLD-26SEP2610,7,no,0.97,2026-09-26T13:54:57.316526+00:00,no,True,0.03,2026-09-26T17:32:06.389732+00:00
SOL,KXSOLD-26SEP2610-T121.2499,KXSOLD-26SEP2610,4,no,0.96,2026-09-26T13:54:57.316555+00:00,no,True,0.04,2026-09-26T17:32:06.389796+00:00
SOL,KXSOLD-26SEP2610-T120.9999,KXSOLD-26SEP2610,3,no,0.98,2026-09-26T13:54:57.316585+00:00,no,True,0.02,2026-09-26T17:32:06.389861+00:00
SOL,KXSOLD-26SEP2610-T120.2499,KXSOLD-26SEP2610,5,yes,0.95,2026-09-26T13:54:57.316611+00:00,yes,True,0.05,2026-09-26T17:32:06.389925+00:00
SOL,KXSOLD-26SEP2610-T119.9999,KXSOLD-26SEP2610,6,yes,0.96,2026-09-26T13:54:57.316637+00:00,yes,True,0.04,2026-09-26T17:32:06.389994+00:00
SOL,KXSOLD-26SEP2610-T119.7499,KXSOLD-26SEP2610,9,yes,0.97,2026-09-26T13:54:57.316661+00:00,yes,True,0.03,2026-09-26T17:32:06.390063+00:00
SOL,KXSOLD-26SEP2614-T122.2499,KXSOLD-26SEP2614,9,no,0.96,2026-09-26T17:32:06.502380+00:00,no,True,0.04,2026-09-26T20:06:24.680803+00:00
SOL,KXSOLD-26SEP2614-T121.9999,KXSOLD-26SEP2614,7,no,0.95,2026-09-26T17:32:06.502486+00:00,no,True,0.05,2026-09-26T20:06:24.680847+00:00
SOL,KXSOLD-26SEP2614-T121.7499,KXSOLD-26SEP2614,4,no,0.93,2026-09-26T17:32:06.502545+00:00,no,True,0.0699999999999999,2026-09-26T20:06:24.680870+00:00
SOL,KXSOLD-26SEP2614-T121.4999,KXSOLD-26SEP2614,3,no,0.82,2026-09-26T17:32:06.502597+00:00,no,True,0.18,2026-09-26T20:06:24.680893+00:00
SOL,KXSOLD-26SEP2614-T120.7499,KXSOLD-26SEP2614,5,yes,0.91,2026-09-26T17:32:06.502651+00:00,yes,True,0.0899999999999999,2026-09-26T20:06:24.680916+00:00
SOL,KXSOLD-26SEP2614-T120.4999,KXSOLD-26SEP2614,8,yes,0.95,2026-09-26T17:32:06.502701+00:00,yes,True,0.05,2026-09-26T20:06:24.680940+00:00
SOL,KXSOLD-26SEP2614-T120.2499,KXSOLD-26SEP2614,6,yes,0.95,2026-09-26T17:32:06.502750+00:00,yes,True,0.05,2026-09-26T20:06:24.680961+00:00
SOL,KXSOLD-26SEP2617-T126.9999,KXSOLD-26SEP2617,4,no,0.91,2026-09-25T21:58:06.899491+00:00,no,True,0.0899999999999999,2026-09-26T22:43:20.763421+00:00
SOL,KXSOLD-26SEP2617-T121.9999,KXSOLD-26SEP2617,3,no,0.64,2026-09-25T21:58:06.899556+00:00,no,True,0.36,2026-09-26T22:43:20.763506+00:00
SOL,KXSOLD-26SEP2617-T118.9999,KXSOLD-26SEP2617,6,yes,0.75,2026-09-25T21:58:06.899645+00:00,yes,True,0.25,2026-09-26T22:43:20.763549+00:00
HYPE,KXHYPED-26SEP2617-T90.9999,KXHYPED-26SEP2617,5,yes,0.73,2026-09-26T00:24:01.573239+00:00,yes,True,0.27,2026-09-26T22:43:20.763634+00:00
SOL,KXSOLD-26SEP2617-T122.9999,KXSOLD-26SEP2617,4,no,0.62,2026-09-26T00:24:01.643670+00:00,no,True,0.38,2026-09-26T22:43:20.763667+00:00
SOL,KXSOLD-26SEP2617-T120.9999,KXSOLD-26SEP2617,6,yes,0.68,2026-09-26T00:24:01.643747+00:00,no,False,-0.68,2026-09-26T22:43:20.763713+00:00
SOL,KXSOLD-26SEP2617-T119.9999,KXSOLD-26SEP2617,8,yes,0.8,2026-09-26T00:24:01.643785+00:00,yes,True,0.1999999999999999,2026-09-26T22:43:20.763744+00:00
SOL,KXSOLD-26SEP2617-T117.9999,KXSOLD-26SEP2617,5,yes,0.92,2026-09-26T00:24:01.643819+00:00,yes,True,0.0799999999999999,2026-09-26T22:43:20.763770+00:00
XRP,KXXRPD-26SEP2617-T1.8799,KXXRPD-26SEP2617,10,no,0.96,2026-09-26T00:24:01.744374+00:00,no,True,0.04,2026-09-26T22:43:20.763796+00:00
XRP,KXXRPD-26SEP2617-T1.7399,KXXRPD-26SEP2617,8,no,0.95,2026-09-26T00:24:01.744428+00:00,no,True,0.05,2026-09-26T22:43:20.763822+00:00
XRP,KXXRPD-26SEP2617-T1.4799,KXXRPD-26SEP2617,9,yes,0.93,2026-09-26T00:24:01.744493+00:00,yes,True,0.0699999999999999,2026-09-26T22:43:20.763846+00:00
HYPE,KXHYPED-26SEP2617-T93.9999,KXHYPED-26SEP2617,5,no,0.87,2026-09-26T05:12:50.637266+00:00,no,True,0.13,2026-09-26T22:43:20.763868+00:00
HYPE,KXHYPED-26SEP2617-T92.9999,KXHYPED-26SEP2617,6,no,0.72,2026-09-26T05:12:50.637319+00:00,no,True,0.28,2026-09-26T22:43:20.763890+00:00
SOL,KXSOLD-26SEP2617-T124.9999,KXSOLD-26SEP2617,6,no,0.95,2026-09-26T05:12:50.706754+00:00,no,True,0.05,2026-09-26T22:43:20.763913+00:00
SOL,KXSOLD-26SEP2617-T123.9999,KXSOLD-26SEP2617,5,no,0.92,2026-09-26T05:12:50.706809+00:00,no,True,0.0799999999999999,2026-09-26T22:43:20.763936+00:00
SOL,KXSOLD-26SEP2617-T116.9999,KXSOLD-26SEP2617,9,yes,0.93,2026-09-26T05:12:50.707079+00:00,yes,True,0.0699999999999999,2026-09-26T22:43:20.763958+00:00
HYPE,KXHYPED-26SEP2617-T91.9999,KXHYPED-26SEP2617,5,yes,0.63,2026-09-26T17:32:06.452024+00:00,no,False,-0.63,2026-09-26T22:43:20.764138+00:00
HYPE,KXHYPED-26SEP2617-T99.9999,KXHYPED-26SEP2617,7,no,0.99,2026-09-26T20:06:24.804479+00:00,no,True,0.01,2026-09-26T22:43:20.764175+00:00
HYPE,KXHYPED-26SEP2617-T88.9999,KXHYPED-26SEP2617,5,yes,0.94,2026-09-26T20:06:24.804575+00:00,yes,True,0.06,2026-09-26T22:43:20.764199+00:00
HYPE,KXHYPED-26SEP2619-T91.4999,KXHYPED-26SEP2619,5,yes,0.97,2026-09-26T22:43:20.834398+00:00,yes,True,0.03,2026-09-27T00:54:04.574868+00:00
HYPE,KXHYPED-26SEP2619-T91.2499,KXHYPED-26SEP2619,6,yes,0.98,2026-09-26T22:43:20.834416+00:00,yes,True,0.02,2026-09-27T00:54:04.574949+00:00
SOL,KXSOLD-26SEP2619-T122.2499,KXSOLD-26SEP2619,9,no,0.94,2026-09-26T22:43:20.887853+00:00,no,True,0.06,2026-09-27T00:54:04.575314+00:00
SOL,KXSOLD-26SEP2619-T121.9999,KXSOLD-26SEP2619,4,no,0.96,2026-09-26T22:43:20.887872+00:00,no,True,0.04,2026-09-27T00:54:04.575377+00:00
SOL,KXSOLD-26SEP2619-T121.7499,KXSOLD-26SEP2619,3,no,0.95,2026-09-26T22:43:20.887888+00:00,no,True,0.05,2026-09-27T00:54:04.575439+00:00
SOL,KXSOLD-26SEP2619-T120.9999,KXSOLD-26SEP2619,7,yes,0.81,2026-09-26T22:43:20.887905+00:00,yes,True,0.1899999999999999,2026-09-27T00:54:04.575521+00:00
SOL,KXSOLD-26SEP2619-T120.4999,KXSOLD-26SEP2619,8,yes,0.94,2026-09-26T22:43:20.887922+00:00,yes,True,0.06,2026-09-27T00:54:04.575591+00:00
SOL,KXSOLD-26SEP2619-T120.2499,KXSOLD-26SEP2619,5,yes,0.97,2026-09-26T22:43:20.887939+00:00,yes,True,0.03,2026-09-27T00:54:04.575652+00:00
HYPE,KXHYPED-26SEP2621-T93.2499,KXHYPED-26SEP2621,8,no,0.98,2026-09-27T00:54:04.645354+00:00,no,True,0.02,2026-09-27T05:58:54.944562+00:00
HYPE,KXHYPED-26SEP2621-T91.9999,KXHYPED-26SEP2621,5,yes,0.98,2026-09-27T00:54:04.645409+00:00,yes,True,0.02,2026-09-27T05:58:54.944604+00:00
HYPE,KXHYPED-26SEP2621-T91.7499,KXHYPED-26SEP2621,6,yes,0.99,2026-09-27T00:54:04.645461+00:00,yes,True,0.01,2026-09-27T05:58:54.944627+00:00
HYPE,KXHYPED-26SEP2621-T91.4999,KXHYPED-26SEP2621,7,yes,0.99,2026-09-27T00:54:04.645534+00:00,yes,True,0.01,2026-09-27T05:58:54.944648+00:00
SOL,KXSOLD-26SEP2621-T99.9999,KXSOLD-26SEP2621,7,yes,0.99,2026-09-27T00:54:04.774643+00:00,yes,True,0.01,2026-09-27T05:58:54.944669+00:00
SOL,KXSOLD-26SEP2621-T99.7499,KXSOLD-26SEP2621,8,yes,0.99,2026-09-27T00:54:04.774694+00:00,yes,True,0.01,2026-09-27T05:58:54.944690+00:00
SOL,KXSOLD-26SEP2621-T99.4999,KXSOLD-26SEP2621,9,yes,0.99,2026-09-27T00:54:04.774741+00:00,yes,True,0.01,2026-09-27T05:58:54.944710+00:00
SOL,KXSOLD-26SEP2621-T121.7499,KXSOLD-26SEP2621,6,no,0.97,2026-09-27T00:54:04.774788+00:00,no,True,0.03,2026-09-27T05:58:54.944730+00:00
SOL,KXSOLD-26SEP2621-T121.4999,KXSOLD-26SEP2621,5,no,0.97,2026-09-27T00:54:04.774835+00:00,no,True,0.03,2026-09-27T05:58:54.944751+00:00
SOL,KXSOLD-26SEP2621-T121.2499,KXSOLD-26SEP2621,3,no,0.97,2026-09-27T00:54:04.774882+00:00,no,True,0.03,2026-09-27T05:58:54.944771+00:00
SOL,KXSOLD-26SEP2621-T120.4999,KXSOLD-26SEP2621,4,yes,0.96,2026-09-27T00:54:04.774927+00:00,yes,True,0.04,2026-09-27T05:58:54.944790+00:00
XRP,KXXRPD-26SEP2621-T2.1999,KXXRPD-26SEP2621,8,no,0.99,2026-09-27T00:54:05.008879+00:00,no,True,0.01,2026-09-27T05:58:54.944826+00:00
XRP,KXXRPD-26SEP2621-T2.1799,KXXRPD-26SEP2621,9,no,0.99,2026-09-27T00:54:05.008927+00:00,no,True,0.01,2026-09-27T05:58:54.944846+00:00
XRP,KXXRPD-26SEP2621-T2.1599,KXXRPD-26SEP2621,10,no,0.99,2026-09-27T00:54:05.008972+00:00,no,True,0.01,2026-09-27T05:58:54.944865+00:00
XRP,KXXRPD-26SEP2621-T2.1399,KXXRPD-26SEP2621,11,no,0.99,2026-09-27T00:54:05.009017+00:00,no,True,0.01,2026-09-27T05:58:54.944885+00:00
XRP,KXXRPD-26SEP2621-T2.1199,KXXRPD-26SEP2621,12,no,0.99,2026-09-27T00:54:05.009061+00:00,no,True,0.01,2026-09-27T05:58:54.944906+00:00
XRP,KXXRPD-26SEP2621-T2.0999,KXXRPD-26SEP2621,13,no,0.99,2026-09-27T00:54:05.009153+00:00,no,True,0.01,2026-09-27T05:58:54.944931+00:00
XRP,KXXRPD-26SEP2621-T2.0799,KXXRPD-26SEP2621,14,no,0.99,2026-09-27T00:54:05.009210+00:00,no,True,0.01,2026-09-27T05:58:54.944951+00:00
XRP,KXXRPD-26SEP2621-T2.0599,KXXRPD-26SEP2621,15,no,0.99,2026-09-27T00:54:05.009257+00:00,no,True,0.01,2026-09-27T05:58:54.944972+00:00
HYPE,KXHYPED-26SEP2702-T93.4999,KXHYPED-26SEP2702,6,no,0.99,2026-09-27T05:58:55.008824+00:00,no,True,0.01,2026-09-27T11:41:22.894070+00:00
HYPE,KXHYPED-26SEP2702-T92.2499,KXHYPED-26SEP2702,5,yes,0.99,2026-09-27T05:58:55.008858+00:00,yes,True,0.01,2026-09-27T11:41:22.894151+00:00
SOL,KXSOLD-26SEP2702-T121.7499,KXSOLD-26SEP2702,8,no,0.99,2026-09-27T05:58:55.071913+00:00,no,True,0.01,2026-09-27T11:41:22.894314+00:00
SOL,KXSOLD-26SEP2702-T121.4999,KXSOLD-26SEP2702,6,no,0.95,2026-09-27T05:58:55.071947+00:00,no,True,0.05,2026-09-27T11:41:22.894376+00:00
SOL,KXSOLD-26SEP2702-T121.2499,KXSOLD-26SEP2702,4,no,0.94,2026-09-27T05:58:55.071968+00:00,no,True,0.06,2026-09-27T11:41:22.894437+00:00
SOL,KXSOLD-26SEP2702-T120.9999,KXSOLD-26SEP2702,3,yes,0.96,2026-09-27T05:58:55.071986+00:00,yes,True,0.04,2026-09-27T11:41:22.894508+00:00
SOL,KXSOLD-26SEP2702-T120.2499,KXSOLD-26SEP2702,5,yes,0.99,2026-09-27T05:58:55.072004+00:00,yes,True,0.01,2026-09-27T11:41:22.894570+00:00
SOL,KXSOLD-26SEP2702-T119.9999,KXSOLD-26SEP2702,7,yes,0.99,2026-09-27T05:58:55.072020+00:00,yes,True,0.01,2026-09-27T11:41:22.894629+00:00
HYPE,KXHYPED-26SEP2708-T92.4999,KXHYPED-26SEP2708,5,yes,0.98,2026-09-27T11:41:22.948634+00:00,yes,True,0.02,2026-09-27T15:47:42.142406+00:00
SOL,KXSOLD-26SEP2708-T127.7499,KXSOLD-26SEP2708,8,no,0.99,2026-09-27T11:41:22.998663+00:00,no,True,0.01,2026-09-27T15:47:42.142483+00:00
SOL,KXSOLD-26SEP2708-T124.7499,KXSOLD-26SEP2708,6,no,0.94,2026-09-27T11:41:22.998727+00:00,no,True,0.06,2026-09-27T15:47:42.142515+00:00
SOL,KXSOLD-26SEP2708-T124.4999,KXSOLD-26SEP2708,5,no,0.94,2026-09-27T11:41:22.998779+00:00,no,True,0.06,2026-09-27T15:47:42.142544+00:00
SOL,KXSOLD-26SEP2708-T123.4999,KXSOLD-26SEP2708,7,yes,0.78,2026-09-27T11:41:22.998862+00:00,yes,True,0.2199999999999999,2026-09-27T15:47:42.142573+00:00
SOL,KXSOLD-26SEP2708-T123.2499,KXSOLD-26SEP2708,4,yes,0.91,2026-09-27T11:41:22.998944+00:00,yes,True,0.0899999999999999,2026-09-27T15:47:42.142602+00:00
SOL,KXSOLD-26SEP2708-T122.9999,KXSOLD-26SEP2708,9,yes,0.93,2026-09-27T11:41:22.999001+00:00,yes,True,0.0699999999999999,2026-09-27T15:47:42.142633+00:00
HYPE,KXHYPED-26SEP2712-T92.7499,KXHYPED-26SEP2712,8,no,0.98,2026-09-27T15:47:42.205743+00:00,no,True,0.02,2026-09-27T19:19:32.089026+00:00
HYPE,KXHYPED-26SEP2712-T92.4999,KXHYPED-26SEP2712,7,no,0.98,2026-09-27T15:47:42.205783+00:00,no,True,0.02,2026-09-27T19:19:32.089101+00:00
HYPE,KXHYPED-26SEP2712-T92.2499,KXHYPED-26SEP2712,6,no,0.98,2026-09-27T15:47:42.205812+00:00,no,True,0.02,2026-09-27T19:19:32.089147+00:00
HYPE,KXHYPED-26SEP2712-T91.9999,KXHYPED-26SEP2712,5,no,0.98,2026-09-27T15:47:42.205838+00:00,no,True,0.02,2026-09-27T19:19:32.089186+00:00
SOL,KXSOLD-26SEP2712-T122.7499,KXSOLD-26SEP2712,8,no,0.91,2026-09-27T15:47:42.271321+00:00,no,True,0.0899999999999999,2026-09-27T19:19:32.089256+00:00
SOL,KXSOLD-26SEP2712-T122.4999,KXSOLD-26SEP2712,7,no,0.95,2026-09-27T15:47:42.271358+00:00,no,True,0.05,2026-09-27T19:19:32.089294+00:00
SOL,KXSOLD-26SEP2712-T121.9999,KXSOLD-26SEP2712,5,no,0.84,2026-09-27T15:47:42.271386+00:00,no,True,0.16,2026-09-27T19:19:32.089328+00:00
SOL,KXSOLD-26SEP2712-T121.2499,KXSOLD-26SEP2712,4,yes,0.91,2026-09-27T15:47:42.271429+00:00,yes,True,0.0899999999999999,2026-09-27T19:19:32.089363+00:00
SOL,KXSOLD-26SEP2712-T120.9999,KXSOLD-26SEP2712,6,yes,0.97,2026-09-27T15:47:42.271454+00:00,yes,True,0.03,2026-09-27T19:19:32.089400+00:00
HYPE,KXHYPED-26SEP2717-T94.9999,KXHYPED-26SEP2717,8,no,0.9,2026-09-26T22:43:20.834335+00:00,no,True,0.0999999999999999,2026-09-27T22:20:32.995004+00:00
HYPE,KXHYPED-26SEP2717-T93.9999,KXHYPED-26SEP2717,9,no,0.82,2026-09-26T22:43:20.834361+00:00,no,True,0.18,2026-09-27T22:20:32.995082+00:00
HYPE,KXHYPED-26SEP2717-T90.9999,KXHYPED-26SEP2717,5,yes,0.63,2026-09-26T22:43:20.834379+00:00,yes,True,0.37,2026-09-27T22:20:32.995146+00:00
SOL,KXSOLD-26SEP2717-T145.9999,KXSOLD-26SEP2717,9,no,0.98,2026-09-26T22:43:20.887712+00:00,no,True,0.02,2026-09-27T22:20:32.995209+00:00
SOL,KXSOLD-26SEP2717-T126.9999,KXSOLD-26SEP2717,4,no,0.92,2026-09-26T22:43:20.887743+00:00,no,True,0.0799999999999999,2026-09-27T22:20:32.995270+00:00
SOL,KXSOLD-26SEP2717-T123.9999,KXSOLD-26SEP2717,5,no,0.85,2026-09-26T22:43:20.887765+00:00,no,True,0.15,2026-09-27T22:20:32.995330+00:00
SOL,KXSOLD-26SEP2717-T122.9999,KXSOLD-26SEP2717,6,no,0.75,2026-09-26T22:43:20.887785+00:00,no,True,0.25,2026-09-27T22:20:32.995392+00:00
SOL,KXSOLD-26SEP2717-T121.9999,KXSOLD-26SEP2717,7,no,0.61,2026-09-26T22:43:20.887803+00:00,yes,False,-0.61,2026-09-27T22:20:32.995453+00:00
SOL,KXSOLD-26SEP2717-T119.9999,KXSOLD-26SEP2717,8,yes,0.66,2026-09-26T22:43:20.887836+00:00,yes,True,0.3399999999999999,2026-09-27T22:20:32.995513+00:00
XRP,KXXRPD-26SEP2717-T1.8799,KXXRPD-26SEP2717,11,no,0.98,2026-09-26T22:43:21.026698+00:00,no,True,0.02,2026-09-27T22:20:32.995573+00:00
XRP,KXXRPD-26SEP2717-T1.7999,KXXRPD-26SEP2717,8,no,0.95,2026-09-26T22:43:21.026727+00:00,no,True,0.05,2026-09-27T22:20:32.995634+00:00
XRP,KXXRPD-26SEP2717-T1.7199,KXXRPD-26SEP2717,9,no,0.96,2026-09-26T22:43:21.026748+00:00,no,True,0.04,2026-09-27T22:20:32.995718+00:00
XRP,KXXRPD-26SEP2717-T1.5799,KXXRPD-26SEP2717,10,no,0.9,2026-09-26T22:43:21.026768+00:00,no,True,0.0999999999999999,2026-09-27T22:20:32.995786+00:00
XRP,KXXRPD-26SEP2717-T1.4999,KXXRPD-26SEP2717,8,yes,0.65,2026-09-27T00:54:05.008824+00:00,yes,True,0.35,2026-09-27T22:20:32.995848+00:00
HYPE,KXHYPED-26SEP2717-T91.9999,KXHYPED-26SEP2717,6,yes,0.69,2026-09-27T05:58:55.008906+00:00,no,False,-0.69,2026-09-27T22:20:32.995909+00:00
HYPE,KXHYPED-26SEP2717-T89.9999,KXHYPED-26SEP2717,5,yes,0.92,2026-09-27T05:58:55.008934+00:00,yes,True,0.0799999999999999,2026-09-27T22:20:32.995968+00:00
SOL,KXSOLD-26SEP2717-T125.9999,KXSOLD-26SEP2717,8,no,0.93,2026-09-27T05:58:55.072048+00:00,no,True,0.0699999999999999,2026-09-27T22:20:32.996028+00:00
SOL,KXSOLD-26SEP2717-T124.9999,KXSOLD-26SEP2717,3,no,0.89,2026-09-27T05:58:55.072064+00:00,no,True,0.1099999999999999,2026-09-27T22:20:32.996088+00:00
SOL,KXSOLD-26SEP2717-T118.9999,KXSOLD-26SEP2717,7,yes,0.84,2026-09-27T05:58:55.072123+00:00,yes,True,0.16,2026-09-27T22:20:32.996156+00:00
XRP,KXXRPD-26SEP2717-T1.6599,KXXRPD-26SEP2717,8,no,0.95,2026-09-27T05:58:55.242048+00:00,no,True,0.05,2026-09-27T22:20:32.996216+00:00
HYPE,KXHYPED-26SEP2717-T95.9999,KXHYPED-26SEP2717,8,no,0.96,2026-09-27T11:41:22.948742+00:00,no,True,0.04,2026-09-27T22:20:32.996275+00:00
SOL,KXSOLD-26SEP2717-T120.9999,KXSOLD-26SEP2717,5,yes,0.9,2026-09-27T11:41:22.999139+00:00,yes,True,0.0999999999999999,2026-09-27T22:20:32.996341+00:00
SOL,KXSOLD-26SEP2717-T117.9999,KXSOLD-26SEP2717,3,yes,0.95,2026-09-27T11:41:22.999248+00:00,yes,True,0.05,2026-09-27T22:20:32.996407+00:00
XRP,KXXRPD-26SEP2717-T1.6199,KXXRPD-26SEP2717,10,no,0.91,2026-09-27T11:41:23.090744+00:00,no,True,0.0899999999999999,2026-09-27T22:20:32.996514+00:00
XRP,KXXRPD-26SEP2717-T1.5999,KXXRPD-26SEP2717,8,no,0.88,2026-09-27T11:41:23.090803+00:00,no,True,0.12,2026-09-27T22:20:32.996573+00:00
HYPE,KXHYPED-26SEP2717-T88.9999,KXHYPED-26SEP2717,6,yes,0.93,2026-09-27T15:47:42.205945+00:00,yes,True,0.0699999999999999,2026-09-27T22:20:32.996633+00:00
SOL,KXSOLD-26SEP2716-T123.9999,KXSOLD-26SEP2716,8,no,0.91,2026-09-27T19:19:32.333524+00:00,no,True,0.0899999999999999,2026-09-27T22:20:32.996746+00:00
SOL,KXSOLD-26SEP2716-T123.7499,KXSOLD-26SEP2716,7,no,0.83,2026-09-27T19:19:32.333582+00:00,no,True,0.17,2026-09-27T22:20:32.996821+00:00
SOL,KXSOLD-26SEP2716-T122.9999,KXSOLD-26SEP2716,4,yes,0.76,2026-09-27T19:19:32.333621+00:00,yes,True,0.24,2026-09-27T22:20:32.996892+00:00
SOL,KXSOLD-26SEP2716-T122.7499,KXSOLD-26SEP2716,3,yes,0.88,2026-09-27T19:19:32.333655+00:00,yes,True,0.12,2026-09-27T22:20:32.996952+00:00
SOL,KXSOLD-26SEP2716-T122.4999,KXSOLD-26SEP2716,5,yes,0.94,2026-09-27T19:19:32.333687+00:00,yes,True,0.06,2026-09-27T22:20:32.997011+00:00
SOL,KXSOLD-26SEP2716-T122.2499,KXSOLD-26SEP2716,6,yes,0.95,2026-09-27T19:19:32.333721+00:00,yes,True,0.05,2026-09-27T22:20:32.997071+00:00
XRP,KXXRPD-26SEP2717-T1.4599,KXXRPD-26SEP2717,8,yes,0.96,2026-09-27T19:19:32.568907+00:00,yes,True,0.04,2026-09-27T22:20:32.997179+00:00
HYPE,KXHYPED-26SEP2719-T92.2499,KXHYPED-26SEP2719,6,no,0.98,2026-09-27T22:20:33.053448+00:00,no,True,0.02,2026-09-28T00:54:33.720875+00:00
SOL,KXSOLD-26SEP2719-T122.9999,KXSOLD-26SEP2719,4,no,0.93,2026-09-27T22:20:33.105109+00:00,no,True,0.0699999999999999,2026-09-28T00:54:33.721106+00:00
SOL,KXSOLD-26SEP2719-T122.4999,KXSOLD-26SEP2719,3,no,0.87,2026-09-27T22:20:33.105160+00:00,no,True,0.13,2026-09-28T00:54:33.721169+00:00
SOL,KXSOLD-26SEP2719-T122.2499,KXSOLD-26SEP2719,6,no,0.86,2026-09-27T22:20:33.105208+00:00,no,True,0.14,2026-09-28T00:54:33.721238+00:00
SOL,KXSOLD-26SEP2719-T121.9999,KXSOLD-26SEP2719,8,no,0.66,2026-09-27T22:20:33.105254+00:00,no,True,0.3399999999999999,2026-09-28T00:54:33.721304+00:00
SOL,KXSOLD-26SEP2719-T121.2499,KXSOLD-26SEP2719,9,yes,0.69,2026-09-27T22:20:33.105332+00:00,yes,True,0.31,2026-09-28T00:54:33.721368+00:00
SOL,KXSOLD-26SEP2719-T120.9999,KXSOLD-26SEP2719,7,yes,0.79,2026-09-27T22:20:33.105377+00:00,yes,True,0.2099999999999999,2026-09-28T00:54:33.721429+00:00
HYPE,KXHYPED-26SEP2721-T91.9999,KXHYPED-26SEP2721,7,no,0.99,2026-09-28T00:54:33.785230+00:00,no,True,0.01,2026-09-28T06:08:03.102326+00:00
HYPE,KXHYPED-26SEP2721-T90.7499,KXHYPED-26SEP2721,5,yes,0.77,2026-09-28T00:54:33.785280+00:00,no,False,-0.77,2026-09-28T06:08:03.102412+00:00
HYPE,KXHYPED-26SEP2721-T90.4999,KXHYPED-26SEP2721,8,yes,0.98,2026-09-28T00:54:33.785330+00:00,yes,True,0.02,2026-09-28T06:08:03.102479+00:00
HYPE,KXHYPED-26SEP2721-T90.2499,KXHYPED-26SEP2721,6,yes,0.99,2026-09-28T00:54:33.785379+00:00,yes,True,0.01,2026-09-28T06:08:03.102544+00:00
SOL,KXSOLD-26SEP2721-T123.2499,KXSOLD-26SEP2721,8,no,0.94,2026-09-28T00:54:33.851541+00:00,no,True,0.06,2026-09-28T06:08:03.102608+00:00
SOL,KXSOLD-26SEP2721-T122.9999,KXSOLD-26SEP2721,7,no,0.97,2026-09-28T00:54:33.851597+00:00,no,True,0.03,2026-09-28T06:08:03.102671+00:00
SOL,KXSOLD-26SEP2721-T122.7499,KXSOLD-26SEP2721,9,no,0.94,2026-09-28T00:54:33.851646+00:00,no,True,0.06,2026-09-28T06:08:03.102733+00:00
SOL,KXSOLD-26SEP2721-T122.4999,KXSOLD-26SEP2721,3,no,0.82,2026-09-28T00:54:33.851721+00:00,no,True,0.18,2026-09-28T06:08:03.102795+00:00
SOL,KXSOLD-26SEP2721-T121.4999,KXSOLD-26SEP2721,4,yes,0.96,2026-09-28T00:54:33.851806+00:00,yes,True,0.04,2026-09-28T06:08:03.102857+00:00
SOL,KXSOLD-26SEP2721-T121.2499,KXSOLD-26SEP2721,6,yes,0.98,2026-09-28T00:54:33.851853+00:00,yes,True,0.02,2026-09-28T06:08:03.102919+00:00
HYPE,KXHYPED-26SEP2803-T89.9999,KXHYPED-26SEP2803,5,no,0.96,2026-09-28T06:08:03.193103+00:00,no,True,0.04,2026-09-28T13:46:19.762504+00:00
HYPE,KXHYPED-26SEP2803-T89.7499,KXHYPED-26SEP2803,6,no,0.91,2026-09-28T06:08:03.193222+00:00,no,True,0.0899999999999999,2026-09-28T13:46:19.762585+00:00
SOL,KXSOLD-26SEP2803-T119.7499,KXSOLD-26SEP2803,5,no,0.8,2026-09-28T06:08:03.264210+00:00,no,True,0.1999999999999999,2026-09-28T13:46:19.762708+00:00
SOL,KXSOLD-26SEP2803-T119.4999,KXSOLD-26SEP2803,6,no,0.67,2026-09-28T06:08:03.264295+00:00,no,True,0.3299999999999999,2026-09-28T13:46:19.762784+00:00
HYPE,KXHYPED-26SEP2810-T91.2499,KXHYPED-26SEP2810,9,no,0.99,2026-09-28T13:46:19.896159+00:00,no,True,0.01,2026-09-28T20:15:20.230754+00:00
HYPE,KXHYPED-26SEP2810-T90.9999,KXHYPED-26SEP2810,8,no,0.99,2026-09-28T13:46:19.896233+00:00,no,True,0.01,2026-09-28T20:15:20.230833+00:00
HYPE,KXHYPED-26SEP2810-T90.2499,KXHYPED-26SEP2810,5,no,0.96,2026-09-28T13:46:19.896285+00:00,no,True,0.04,2026-09-28T20:15:20.230900+00:00
HYPE,KXHYPED-26SEP2810-T89.9999,KXHYPED-26SEP2810,7,no,0.89,2026-09-28T13:46:19.896334+00:00,no,True,0.1099999999999999,2026-09-28T20:15:20.230964+00:00
HYPE,KXHYPED-26SEP2810-T88.9999,KXHYPED-26SEP2810,6,yes,0.86,2026-09-28T13:46:19.896382+00:00,yes,True,0.14,2026-09-28T20:15:20.231026+00:00
HYPE,KXHYPED-26SEP2810-T88.7499,KXHYPED-26SEP2810,10,yes,0.95,2026-09-28T13:46:19.896428+00:00,yes,True,0.05,2026-09-28T20:15:20.231088+00:00
SOL,KXSOLD-26SEP2810-T120.4999,KXSOLD-26SEP2810,3,no,0.8,2026-09-28T13:46:19.965925+00:00,no,True,0.1999999999999999,2026-09-28T20:15:20.231148+00:00
SOL,KXSOLD-26SEP2810-T120.2499,KXSOLD-26SEP2810,6,no,0.67,2026-09-28T13:46:19.965992+00:00,no,True,0.3299999999999999,2026-09-28T20:15:20.231208+00:00
SOL,KXSOLD-26SEP2810-T119.7499,KXSOLD-26SEP2810,9,yes,0.62,2026-09-28T13:46:19.966044+00:00,yes,True,0.38,2026-09-28T20:15:20.231267+00:00
SOL,KXSOLD-26SEP2810-T119.4999,KXSOLD-26SEP2810,7,yes,0.75,2026-09-28T13:46:19.966094+00:00,yes,True,0.25,2026-09-28T20:15:20.231327+00:00
SOL,KXSOLD-26SEP2810-T119.2499,KXSOLD-26SEP2810,4,yes,0.86,2026-09-28T13:46:19.966141+00:00,yes,True,0.14,2026-09-28T20:15:20.231388+00:00
SOL,KXSOLD-26SEP2810-T118.9999,KXSOLD-26SEP2810,8,yes,0.9,2026-09-28T13:46:19.966189+00:00,yes,True,0.0999999999999999,2026-09-28T20:15:20.231486+00:00
SOL,KXSOLD-26SEP2810-T118.4999,KXSOLD-26SEP2810,5,yes,0.96,2026-09-28T13:46:19.966236+00:00,yes,True,0.04,2026-09-28T20:15:20.231550+00:00
SOL,KXSOLD-26SEP2817-T125.9999,KXSOLD-26SEP2817,3,no,0.84,2026-09-27T22:20:33.104945+00:00,no,True,0.16,2026-09-29T00:24:15.377085+00:00
SOL,KXSOLD-26SEP2817-T124.9999,KXSOLD-26SEP2817,5,no,0.82,2026-09-27T22:20:33.105009+00:00,no,True,0.18,2026-09-29T00:24:15.377170+00:00
SOL,KXSOLD-26SEP2817-T123.9999,KXSOLD-26SEP2817,4,no,0.73,2026-09-27T22:20:33.105060+00:00,no,True,0.27,2026-09-29T00:24:15.377233+00:00
HYPE,KXHYPED-26SEP2817-T88.9999,KXHYPED-26SEP2817,5,yes,0.73,2026-09-28T00:54:33.785168+00:00,no,False,-0.73,2026-09-29T00:24:15.377295+00:00
XRP,KXXRPD-26SEP2817-T1.8799,KXXRPD-26SEP2817,10,no,0.98,2026-09-28T00:54:34.143854+00:00,no,True,0.02,2026-09-29T00:24:15.377355+00:00
XRP,KXXRPD-26SEP2817-T1.6199,KXXRPD-26SEP2817,8,no,0.89,2026-09-28T00:54:34.143916+00:00,no,True,0.1099999999999999,2026-09-29T00:24:15.377414+00:00
XRP,KXXRPD-26SEP2817-T1.2999,KXXRPD-26SEP2817,9,yes,0.96,2026-09-28T00:54:34.143966+00:00,yes,True,0.04,2026-09-29T00:24:15.377473+00:00
SOL,KXSOLD-26SEP2817-T129.9999,KXSOLD-26SEP2817,8,no,0.96,2026-09-28T06:08:03.264434+00:00,no,True,0.04,2026-09-29T00:24:15.377559+00:00
SOL,KXSOLD-26SEP2817-T121.9999,KXSOLD-26SEP2817,4,no,0.8,2026-09-28T06:08:03.264551+00:00,no,True,0.1999999999999999,2026-09-29T00:24:15.377622+00:00
SOL,KXSOLD-26SEP2817-T120.9999,KXSOLD-26SEP2817,7,no,0.7,2026-09-28T06:08:03.264599+00:00,no,True,0.3,2026-09-29T00:24:15.377681+00:00
SOL,KXSOLD-26SEP2817-T116.9999,KXSOLD-26SEP2817,6,yes,0.75,2026-09-28T06:08:03.264689+00:00,yes,True,0.25,2026-09-29T00:24:15.377739+00:00
XRP,KXXRPD-26SEP2817-T1.6399,KXXRPD-26SEP2817,13,no,0.96,2026-09-28T06:08:03.404658+00:00,no,True,0.04,2026-09-29T00:24:15.377843+00:00
XRP,KXXRPD-26SEP2817-T1.5799,KXXRPD-26SEP2817,9,no,0.92,2026-09-28T06:08:03.404754+00:00,no,True,0.0799999999999999,2026-09-29T00:24:15.377900+00:00
XRP,KXXRPD-26SEP2817-T1.5399,KXXRPD-26SEP2817,11,no,0.84,2026-09-28T06:08:03.404805+00:00,no,True,0.16,2026-09-29T00:24:15.377956+00:00
SOL,KXSOLD-26SEP2817-T118.9999,KXSOLD-26SEP2817,8,yes,0.66,2026-09-28T13:46:19.966414+00:00,no,False,-0.66,2026-09-29T00:24:15.378059+00:00
SOL,KXSOLD-26SEP2817-T117.9999,KXSOLD-26SEP2817,3,yes,0.8,2026-09-28T13:46:19.966460+00:00,yes,True,0.1999999999999999,2026-09-29T00:24:15.378116+00:00
SOL,KXSOLD-26SEP2817-T115.9999,KXSOLD-26SEP2817,9,yes,0.91,2026-09-28T13:46:19.966505+00:00,yes,True,0.0899999999999999,2026-09-29T00:24:15.378175+00:00
XRP,KXXRPD-26SEP2817-T1.7199,KXXRPD-26SEP2817,15,no,0.96,2026-09-28T13:46:20.203740+00:00,no,True,0.04,2026-09-29T00:24:15.378233+00:00
XRP,KXXRPD-26SEP2817-T1.5999,KXXRPD-26SEP2817,9,no,0.9,2026-09-28T13:46:20.203870+00:00,no,True,0.0999999999999999,2026-09-29T00:24:15.378297+00:00
XRP,KXXRPD-26SEP2817-T1.4999,KXXRPD-26SEP2817,11,yes,0.76,2026-09-28T13:46:20.203985+00:00,no,False,-0.76,2026-09-29T00:24:15.378354+00:00
XRP,KXXRPD-26SEP2817-T1.4399,KXXRPD-26SEP2817,14,yes,0.95,2026-09-28T13:46:20.204032+00:00,yes,True,0.05,2026-09-29T00:24:15.378410+00:00
DOGE,KXDOGED-26SEP2817-T0.0749999,KXDOGED-26SEP2817,7,yes,0.96,2026-09-28T13:46:20.362577+00:00,yes,True,0.04,2026-09-29T00:24:15.378543+00:00
DOGE,KXDOGED-26SEP2817-T0.0649999,KXDOGED-26SEP2817,5,yes,0.96,2026-09-28T13:46:20.362664+00:00,yes,True,0.04,2026-09-29T00:24:15.378608+00:00
DOGE,KXDOGED-26SEP2817-T0.0599999,KXDOGED-26SEP2817,6,yes,0.96,2026-09-28T13:46:20.362718+00:00,yes,True,0.04,2026-09-29T00:24:15.378667+00:00
HYPE,KXHYPED-26SEP2817-T93.9999,KXHYPED-26SEP2817,8,no,0.8,2026-09-28T20:15:20.281988+00:00,no,True,0.1999999999999999,2026-09-29T00:24:15.378725+00:00
HYPE,KXHYPED-26SEP2817-T89.9999,KXHYPED-26SEP2817,7,no,0.92,2026-09-28T20:15:20.282090+00:00,no,True,0.0799999999999999,2026-09-29T00:24:15.378782+00:00
XRP,KXXRPD-26SEP2817-T1.6799,KXXRPD-26SEP2817,8,no,0.99,2026-09-28T20:15:20.428080+00:00,no,True,0.01,2026-09-29T00:24:15.378840+00:00
XRP,KXXRPD-26SEP2817-T1.6599,KXXRPD-26SEP2817,9,no,0.99,2026-09-28T20:15:20.428140+00:00,no,True,0.01,2026-09-29T00:24:15.378898+00:00
DOGE,KXDOGED-26SEP2817-T0.0699999,KXDOGED-26SEP2817,5,yes,0.99,2026-09-28T20:15:20.479736+00:00,yes,True,0.01,2026-09-29T00:24:15.379191+00:00
HYPE,KXHYPED-26SEP2821-T87.9999,KXHYPED-26SEP2821,6,no,0.98,2026-09-29T00:24:15.449651+00:00,no,True,0.02,2026-09-29T05:55:14.625447+00:00
HYPE,KXHYPED-26SEP2821-T87.4999,KXHYPED-26SEP2821,5,no,0.97,2026-09-29T00:24:15.449715+00:00,no,True,0.03,2026-09-29T05:55:14.625529+00:00
HYPE,KXHYPED-26SEP2821-T86.4999,KXHYPED-26SEP2821,7,yes,0.69,2026-09-29T00:24:15.449765+00:00,yes,True,0.31,2026-09-29T05:55:14.625593+00:00
SOL,KXSOLD-26SEP2821-T119.4999,KXSOLD-26SEP2821,8,no,0.94,2026-09-29T00:24:15.516604+00:00,no,True,0.06,2026-09-29T05:55:14.625888+00:00
SOL,KXSOLD-26SEP2821-T118.9999,KXSOLD-26SEP2821,4,no,0.87,2026-09-29T00:24:15.516656+00:00,no,True,0.13,2026-09-29T05:55:14.625953+00:00
SOL,KXSOLD-26SEP2821-T118.7499,KXSOLD-26SEP2821,3,no,0.75,2026-09-29T00:24:15.516702+00:00,no,True,0.25,2026-09-29T05:55:14.626015+00:00
SOL,KXSOLD-26SEP2821-T118.2499,KXSOLD-26SEP2821,6,yes,0.61,2026-09-29T00:24:15.516747+00:00,no,False,-0.61,2026-09-29T05:55:14.626077+00:00
SOL,KXSOLD-26SEP2821-T117.9999,KXSOLD-26SEP2821,5,yes,0.79,2026-09-29T00:24:15.516790+00:00,yes,True,0.2099999999999999,2026-09-29T05:55:14.626141+00:00
SOL,KXSOLD-26SEP2821-T117.7499,KXSOLD-26SEP2821,9,yes,0.92,2026-09-29T00:24:15.516834+00:00,yes,True,0.0799999999999999,2026-09-29T05:55:14.626201+00:00
HYPE,KXHYPED-26SEP2902-T88.4999,KXHYPED-26SEP2902,8,no,0.98,2026-09-29T05:55:14.695729+00:00,no,True,0.02,2026-09-29T11:55:14.490297+00:00
HYPE,KXHYPED-26SEP2902-T87.7499,KXHYPED-26SEP2902,6,no,0.96,2026-09-29T05:55:14.695824+00:00,no,True,0.04,2026-09-29T11:55:14.490381+00:00
HYPE,KXHYPED-26SEP2902-T86.7499,KXHYPED-26SEP2902,7,yes,0.99,2026-09-29T05:55:14.695930+00:00,yes,True,0.01,2026-09-29T11:55:14.490502+00:00
HYPE,KXHYPED-26SEP2902-T85.7499,KXHYPED-26SEP2902,9,yes,0.99,2026-09-29T05:55:14.695991+00:00,yes,True,0.01,2026-09-29T11:55:14.490574+00:00
HYPE,KXHYPED-26SEP2902-T100.2499,KXHYPED-26SEP2902,5,no,0.99,2026-09-29T05:55:14.696038+00:00,no,True,0.01,2026-09-29T11:55:14.490639+00:00
SOL,KXSOLD-26SEP2902-T118.4999,KXSOLD-26SEP2902,8,no,0.94,2026-09-29T05:55:14.769282+00:00,no,True,0.06,2026-09-29T11:55:14.490701+00:00
SOL,KXSOLD-26SEP2902-T118.2499,KXSOLD-26SEP2902,5,no,0.72,2026-09-29T05:55:14.769346+00:00,no,True,0.28,2026-09-29T11:55:14.490761+00:00
SOL,KXSOLD-26SEP2902-T117.9999,KXSOLD-26SEP2902,3,yes,0.72,2026-09-29T05:55:14.769400+00:00,yes,True,0.28,2026-09-29T11:55:14.490820+00:00
SOL,KXSOLD-26SEP2902-T117.2499,KXSOLD-26SEP2902,4,yes,0.97,2026-09-29T05:55:14.769450+00:00,yes,True,0.03,2026-09-29T11:55:14.490879+00:00
SOL,KXSOLD-26SEP2902-T116.9999,KXSOLD-26SEP2902,7,yes,0.98,2026-09-29T05:55:14.769496+00:00,yes,True,0.02,2026-09-29T11:55:14.490939+00:00
SOL,KXSOLD-26SEP2902-T116.7499,KXSOLD-26SEP2902,6,yes,0.99,2026-09-29T05:55:14.769543+00:00,yes,True,0.01,2026-09-29T11:55:14.490999+00:00
HYPE,KXHYPED-26SEP2908-T89.2499,KXHYPED-26SEP2908,7,no,0.98,2026-09-29T11:55:14.650554+00:00,no,True,0.02,2026-09-29T17:25:10.964828+00:00
HYPE,KXHYPED-26SEP2908-T87.9999,KXHYPED-26SEP2908,5,yes,0.99,2026-09-29T11:55:14.650619+00:00,yes,True,0.01,2026-09-29T17:25:10.964892+00:00
HYPE,KXHYPED-26SEP2908-T87.7499,KXHYPED-26SEP2908,6,yes,0.99,2026-09-29T11:55:14.650671+00:00,yes,True,0.01,2026-09-29T17:25:10.964928+00:00
SOL,KXSOLD-26SEP2908-T120.7499,KXSOLD-26SEP2908,8,no,0.95,2026-09-29T11:55:14.776260+00:00,no,True,0.05,2026-09-29T17:25:10.964960+00:00
SOL,KXSOLD-26SEP2908-T120.4999,KXSOLD-26SEP2908,6,no,0.86,2026-09-29T11:55:14.776328+00:00,no,True,0.14,2026-09-29T17:25:10.964995+00:00
SOL,KXSOLD-26SEP2908-T119.4999,KXSOLD-26SEP2908,3,yes,0.99,2026-09-29T11:55:14.776456+00:00,yes,True,0.01,2026-09-29T17:25:10.965027+00:00
SOL,KXSOLD-26SEP2908-T119.2499,KXSOLD-26SEP2908,7,yes,0.98,2026-09-29T11:55:14.776513+00:00,yes,True,0.02,2026-09-29T17:25:10.965057+00:00
SOL,KXSOLD-26SEP2908-T118.9999,KXSOLD-26SEP2908,4,yes,0.99,2026-09-29T11:55:14.776562+00:00,yes,True,0.01,2026-09-29T17:25:10.965090+00:00
SOL,KXSOLD-26SEP2908-T118.7499,KXSOLD-26SEP2908,9,yes,0.99,2026-09-29T11:55:14.776609+00:00,yes,True,0.01,2026-09-29T17:25:10.965120+00:00
XRP,KXXRPD-26SEP2908-T1.3999,KXXRPD-26SEP2908,8,yes,0.99,2026-09-29T11:55:15.056847+00:00,yes,True,0.01,2026-09-29T17:25:10.965176+00:00
XRP,KXXRPD-26SEP2908-T1.3799,KXXRPD-26SEP2908,9,yes,0.99,2026-09-29T11:55:15.056911+00:00,yes,True,0.01,2026-09-29T17:25:10.965206+00:00
XRP,KXXRPD-26SEP2908-T1.3599,KXXRPD-26SEP2908,10,yes,0.99,2026-09-29T11:55:15.056964+00:00,yes,True,0.01,2026-09-29T17:25:10.965238+00:00
XRP,KXXRPD-26SEP2908-T1.3399,KXXRPD-26SEP2908,11,yes,0.99,2026-09-29T11:55:15.057013+00:00,yes,True,0.01,2026-09-29T17:25:10.965271+00:00
XRP,KXXRPD-26SEP2908-T1.3199,KXXRPD-26SEP2908,12,yes,0.99,2026-09-29T11:55:15.057060+00:00,yes,True,0.01,2026-09-29T17:25:10.965303+00:00
XRP,KXXRPD-26SEP2908-T1.2999,KXXRPD-26SEP2908,13,yes,0.99,2026-09-29T11:55:15.057106+00:00,yes,True,0.01,2026-09-29T17:25:10.965337+00:00
XRP,KXXRPD-26SEP2908-T1.2799,KXXRPD-26SEP2908,14,yes,0.99,2026-09-29T11:55:15.057153+00:00,yes,True,0.01,2026-09-29T17:25:10.965369+00:00
XRP,KXXRPD-26SEP2908-T1.2599,KXXRPD-26SEP2908,15,yes,0.99,2026-09-29T11:55:15.057199+00:00,yes,True,0.01,2026-09-29T17:25:10.965398+00:00
SOL,KXSOLD-26SEP2917-T122.9999,KXSOLD-26SEP2917,7,no,0.86,2026-09-29T00:24:15.516257+00:00,no,True,0.14,2026-09-29T21:29:11.555663+00:00
SOL,KXSOLD-26SEP2917-T121.9999,KXSOLD-26SEP2917,4,no,0.81,2026-09-29T00:24:15.516322+00:00,no,True,0.1899999999999999,2026-09-29T21:29:11.555719+00:00
SOL,KXSOLD-26SEP2917-T120.9999,KXSOLD-26SEP2917,6,no,0.75,2026-09-29T00:24:15.516372+00:00,no,True,0.25,2026-09-29T21:29:11.555751+00:00
SOL,KXSOLD-26SEP2917-T119.9999,KXSOLD-26SEP2917,5,no,0.66,2026-09-29T00:24:15.516425+00:00,no,True,0.3399999999999999,2026-09-29T21:29:11.555782+00:00
SOL,KXSOLD-26SEP2917-T126.9999,KXSOLD-26SEP2917,6,no,0.95,2026-09-29T05:55:14.769589+00:00,no,True,0.05,2026-09-29T21:29:11.555888+00:00
SOL,KXSOLD-26SEP2917-T116.9999,KXSOLD-26SEP2917,7,yes,0.6,2026-09-29T05:55:14.769727+00:00,yes,True,0.4,2026-09-29T21:29:11.555918+00:00
SOL,KXSOLD-26SEP2917-T113.9999,KXSOLD-26SEP2917,4,yes,0.83,2026-09-29T05:55:14.769771+00:00,yes,True,0.17,2026-09-29T21:29:11.555949+00:00
SOL,KXSOLD-26SEP2917-T100.9999,KXSOLD-26SEP2917,8,yes,0.97,2026-09-29T05:55:14.769859+00:00,yes,True,0.03,2026-09-29T21:29:11.555980+00:00
SOL,KXSOLD-26SEP2917-T117.9999,KXSOLD-26SEP2917,3,yes,0.79,2026-09-29T11:55:14.776746+00:00,yes,True,0.2099999999999999,2026-09-29T21:29:11.556109+00:00
HYPE,KXHYPED-26SEP2914-T86.7499,KXHYPED-26SEP2914,5,no,0.96,2026-09-29T17:25:11.014451+00:00,no,True,0.04,2026-09-29T21:29:11.556315+00:00
HYPE,KXHYPED-26SEP2914-T86.4999,KXHYPED-26SEP2914,6,no,0.9,2026-09-29T17:25:11.014496+00:00,no,True,0.0999999999999999,2026-09-29T21:29:11.556346+00:00
HYPE,KXHYPED-26SEP2914-T86.2499,KXHYPED-26SEP2914,7,no,0.72,2026-09-29T17:25:11.014524+00:00,no,True,0.28,2026-09-29T21:29:11.556377+00:00
SOL,KXSOLD-26SEP2914-T118.4999,KXSOLD-26SEP2914,8,no,0.87,2026-09-29T17:25:11.059816+00:00,no,True,0.13,2026-09-29T21:29:11.556406+00:00
SOL,KXSOLD-26SEP2914-T118.2499,KXSOLD-26SEP2914,5,no,0.76,2026-09-29T17:25:11.059864+00:00,no,True,0.24,2026-09-29T21:29:11.556436+00:00
SOL,KXSOLD-26SEP2914-T117.4999,KXSOLD-26SEP2914,7,yes,0.74,2026-09-29T17:25:11.059912+00:00,yes,True,0.26,2026-09-29T21:29:11.556466+00:00
SOL,KXSOLD-26SEP2914-T117.2499,KXSOLD-26SEP2914,6,yes,0.85,2026-09-29T17:25:11.059940+00:00,yes,True,0.15,2026-09-29T21:29:11.556496+00:00
SOL,KXSOLD-26SEP2917-T115.9999,KXSOLD-26SEP2917,8,yes,0.87,2026-09-29T17:25:11.060039+00:00,yes,True,0.13,2026-09-29T21:29:11.556525+00:00
XRP,KXXRPD-26SEP2917-T1.5199,KXXRPD-26SEP2917,8,no,0.68,2026-09-29T00:24:15.636265+00:00,no,True,0.3199999999999999,2026-09-30T00:41:48.485644+00:00
XRP,KXXRPD-26SEP2917-T1.6799,KXXRPD-26SEP2917,11,no,0.97,2026-09-29T05:55:14.952233+00:00,no,True,0.03,2026-09-30T00:41:48.485822+00:00
XRP,KXXRPD-26SEP2917-T1.3999,KXXRPD-26SEP2917,9,yes,0.93,2026-09-29T05:55:14.952423+00:00,yes,True,0.0699999999999999,2026-09-30T00:41:48.485885+00:00
XRP,KXXRPD-26SEP2917-T1.3799,KXXRPD-26SEP2917,8,yes,0.95,2026-09-29T05:55:14.952475+00:00,yes,True,0.05,2026-09-30T00:41:48.485948+00:00
XRP,KXXRPD-26SEP2917-T1.7399,KXXRPD-26SEP2917,8,no,0.97,2026-09-29T11:55:15.057244+00:00,no,True,0.03,2026-09-30T00:41:48.486008+00:00
XRP,KXXRPD-26SEP2917-T1.6599,KXXRPD-26SEP2917,13,no,0.97,2026-09-29T11:55:15.057289+00:00,no,True,0.03,2026-09-30T00:41:48.486070+00:00
XRP,KXXRPD-26SEP2917-T1.6199,KXXRPD-26SEP2917,11,no,0.94,2026-09-29T11:55:15.057333+00:00,no,True,0.06,2026-09-30T00:41:48.486131+00:00
XRP,KXXRPD-26SEP2917-T1.4799,KXXRPD-26SEP2917,15,yes,0.82,2026-09-29T11:55:15.057428+00:00,yes,True,0.18,2026-09-30T00:41:48.486191+00:00
XRP,KXXRPD-26SEP2917-T1.4399,KXXRPD-26SEP2917,9,yes,0.95,2026-09-29T11:55:15.057482+00:00,yes,True,0.05,2026-09-30T00:41:48.486252+00:00
XRP,KXXRPD-26SEP2917-T1.4199,KXXRPD-26SEP2917,12,yes,0.95,2026-09-29T11:55:15.057529+00:00,yes,True,0.05,2026-09-30T00:41:48.486337+00:00
DOGE,KXDOGED-26SEP2917-T0.1299999,KXDOGED-26SEP2917,6,no,0.95,2026-09-29T17:25:11.176591+00:00,no,True,0.05,2026-09-30T00:41:48.486549+00:00
DOGE,KXDOGED-26SEP2917-T0.1149999,KXDOGED-26SEP2917,7,no,0.95,2026-09-29T17:25:11.176637+00:00,no,True,0.05,2026-09-30T00:41:48.486611+00:00
DOGE,KXDOGED-26SEP2917-T0.0849999,KXDOGED-26SEP2917,5,yes,0.95,2026-09-29T17:25:11.176666+00:00,yes,True,0.05,2026-09-30T00:41:48.486673+00:00
HYPE,KXHYPED-26SEP2918-T86.7499,KXHYPED-26SEP2918,6,no,0.98,2026-09-29T21:29:11.630135+00:00,no,True,0.02,2026-09-30T00:41:48.486735+00:00
HYPE,KXHYPED-26SEP2918-T86.4999,KXHYPED-26SEP2918,5,no,0.97,2026-09-29T21:29:11.630175+00:00,no,True,0.03,2026-09-30T00:41:48.486795+00:00
HYPE,KXHYPED-26SEP2918-T85.2499,KXHYPED-26SEP2918,8,yes,0.93,2026-09-29T21:29:11.630199+00:00,yes,True,0.0699999999999999,2026-09-30T00:41:48.486856+00:00
HYPE,KXHYPED-26SEP2918-T84.9999,KXHYPED-26SEP2918,7,yes,0.98,2026-09-29T21:29:11.630220+00:00,yes,True,0.02,2026-09-30T00:41:48.486916+00:00
SOL,KXSOLD-26SEP2918-T119.4999,KXSOLD-26SEP2918,7,no,0.94,2026-09-29T21:29:11.696674+00:00,no,True,0.06,2026-09-30T00:41:48.486977+00:00
SOL,KXSOLD-26SEP2918-T119.2499,KXSOLD-26SEP2918,8,no,0.92,2026-09-29T21:29:11.696712+00:00,no,True,0.0799999999999999,2026-09-30T00:41:48.487045+00:00
SOL,KXSOLD-26SEP2918-T118.9999,KXSOLD-26SEP2918,4,no,0.83,2026-09-29T21:29:11.696734+00:00,no,True,0.17,2026-09-30T00:41:48.487106+00:00
SOL,KXSOLD-26SEP2918-T118.7499,KXSOLD-26SEP2918,3,no,0.6,2026-09-29T21:29:11.696756+00:00,yes,False,-0.6,2026-09-30T00:41:48.487166+00:00
SOL,KXSOLD-26SEP2918-T117.9999,KXSOLD-26SEP2918,6,yes,0.85,2026-09-29T21:29:11.696776+00:00,yes,True,0.15,2026-09-30T00:41:48.487226+00:00
HYPE,KXHYPED-26SEP2921-T86.7499,KXHYPED-26SEP2921,5,no,0.95,2026-09-30T00:41:48.618000+00:00,no,True,0.05,2026-09-30T05:59:04.623672+00:00
HYPE,KXHYPED-26SEP2921-T86.2499,KXHYPED-26SEP2921,6,yes,0.6,2026-09-30T00:41:48.618061+00:00,yes,True,0.4,2026-09-30T05:59:04.623735+00:00
HYPE,KXHYPED-26SEP2921-T85.2499,KXHYPED-26SEP2921,7,yes,0.97,2026-09-30T00:41:48.618112+00:00,yes,True,0.03,2026-09-30T05:59:04.623777+00:00
SOL,KXSOLD-26SEP2921-T119.7499,KXSOLD-26SEP2921,5,no,0.95,2026-09-30T00:41:48.685273+00:00,no,True,0.05,2026-09-30T05:59:04.623817+00:00
SOL,KXSOLD-26SEP2921-T119.4999,KXSOLD-26SEP2921,6,no,0.94,2026-09-30T00:41:48.685358+00:00,no,True,0.06,2026-09-30T05:59:04.623858+00:00
SOL,KXSOLD-26SEP2921-T119.2499,KXSOLD-26SEP2921,7,no,0.87,2026-09-30T00:41:48.685413+00:00,no,True,0.13,2026-09-30T05:59:04.623896+00:00
SOL,KXSOLD-26SEP2921-T118.9999,KXSOLD-26SEP2921,4,no,0.61,2026-09-30T00:41:48.685461+00:00,no,True,0.39,2026-09-30T05:59:04.623934+00:00
SOL,KXSOLD-26SEP2921-T118.2499,KXSOLD-26SEP2921,3,yes,0.92,2026-09-30T00:41:48.685508+00:00,yes,True,0.0799999999999999,2026-09-30T05:59:04.623972+00:00
SOL,KXSOLD-26SEP2921-T117.9999,KXSOLD-26SEP2921,8,yes,0.96,2026-09-30T00:41:48.685553+00:00,yes,True,0.04,2026-09-30T05:59:04.624009+00:00
HYPE,KXHYPED-26SEP3002-T86.2499,KXHYPED-26SEP3002,5,no,0.99,2026-09-30T05:59:04.686165+00:00,no,True,0.01,2026-09-30T12:11:14.844040+00:00
SOL,KXSOLD-26SEP3002-T119.7499,KXSOLD-26SEP3002,4,no,0.99,2026-09-30T05:59:04.743474+00:00,no,True,0.01,2026-09-30T12:11:14.844105+00:00
SOL,KXSOLD-26SEP3002-T119.4999,KXSOLD-26SEP3002,3,no,0.96,2026-09-30T05:59:04.743526+00:00,no,True,0.04,2026-09-30T12:11:14.844143+00:00
SOL,KXSOLD-26SEP3002-T118.7499,KXSOLD-26SEP3002,5,yes,0.96,2026-09-30T05:59:04.743583+00:00,yes,True,0.04,2026-09-30T12:11:14.844183+00:00
SOL,KXSOLD-26SEP3002-T118.4999,KXSOLD-26SEP3002,6,yes,0.99,2026-09-30T05:59:04.743624+00:00,yes,True,0.01,2026-09-30T12:11:14.844221+00:00
SOL,KXSOLD-26SEP3002-T118.2499,KXSOLD-26SEP3002,8,yes,0.99,2026-09-30T05:59:04.743659+00:00,yes,True,0.01,2026-09-30T12:11:14.844256+00:00
SOL,KXSOLD-26SEP3002-T117.9999,KXSOLD-26SEP3002,7,yes,0.99,2026-09-30T05:59:04.743697+00:00,yes,True,0.01,2026-09-30T12:11:14.844290+00:00
HYPE,KXHYPED-26SEP3009-T86.7499,KXHYPED-26SEP3009,6,no,0.69,2026-09-30T12:11:14.892104+00:00,yes,False,-0.69,2026-09-30T17:59:45.764501+00:00
HYPE,KXHYPED-26SEP3009-T86.2499,KXHYPED-26SEP3009,5,yes,0.7,2026-09-30T12:11:14.892156+00:00,yes,True,0.3,2026-09-30T17:59:45.764558+00:00
SOL,KXSOLD-26SEP3009-T120.2499,KXSOLD-26SEP3009,7,no,0.9,2026-09-30T12:11:14.936855+00:00,yes,False,-0.9,2026-09-30T17:59:45.764597+00:00
SOL,KXSOLD-26SEP3009-T119.7499,KXSOLD-26SEP3009,5,no,0.63,2026-09-30T12:11:14.936911+00:00,yes,False,-0.63,2026-09-30T17:59:45.764633+00:00
SOL,KXSOLD-26SEP3009-T119.2499,KXSOLD-26SEP3009,4,yes,0.61,2026-09-30T12:11:14.936971+00:00,yes,True,0.39,2026-09-30T17:59:45.764670+00:00
SOL,KXSOLD-26SEP3009-T118.9999,KXSOLD-26SEP3009,3,yes,0.74,2026-09-30T12:11:14.937007+00:00,yes,True,0.26,2026-09-30T17:59:45.764704+00:00
SOL,KXSOLD-26SEP3009-T118.4999,KXSOLD-26SEP3009,8,yes,0.88,2026-09-30T12:11:14.937038+00:00,yes,True,0.12,2026-09-30T17:59:45.764748+00:00
SOL,KXSOLD-26SEP3017-T126.9999,KXSOLD-26SEP3017,4,no,0.94,2026-09-30T05:59:04.743730+00:00,no,True,0.06,2026-09-30T22:04:32.171572+00:00
SOL,KXSOLD-26SEP3017-T125.9999,KXSOLD-26SEP3017,7,no,0.93,2026-09-30T05:59:04.743769+00:00,no,True,0.0699999999999999,2026-09-30T22:04:32.171635+00:00
SOL,KXSOLD-26SEP3017-T124.9999,KXSOLD-26SEP3017,8,no,0.91,2026-09-30T05:59:04.743804+00:00,no,True,0.0899999999999999,2026-09-30T22:04:32.171677+00:00
SOL,KXSOLD-26SEP3017-T123.9999,KXSOLD-26SEP3017,9,no,0.88,2026-09-30T05:59:04.743836+00:00,no,True,0.12,2026-09-30T22:04:32.171717+00:00
SOL,KXSOLD-26SEP3017-T122.9999,KXSOLD-26SEP3017,5,no,0.84,2026-09-30T05:59:04.743868+00:00,no,True,0.16,2026-09-30T22:04:32.171757+00:00
SOL,KXSOLD-26SEP3017-T117.9999,KXSOLD-26SEP3017,6,yes,0.61,2026-09-30T05:59:04.743922+00:00,no,False,-0.61,2026-09-30T22:04:32.171795+00:00
XRP,KXXRPD-26SEP3017-T1.6199,KXXRPD-26SEP3017,8,no,0.95,2026-09-30T05:59:04.942457+00:00,no,True,0.05,2026-09-30T22:04:32.171832+00:00
XRP,KXXRPD-26SEP3017-T1.5999,KXXRPD-26SEP3017,9,no,0.94,2026-09-30T05:59:04.942508+00:00,no,True,0.06,2026-09-30T22:04:32.171869+00:00
DOGE,KXDOGED-26SEP3017-T0.0899999,KXDOGED-26SEP3017,5,yes,0.7,2026-09-30T05:59:04.998036+00:00,yes,True,0.3,2026-09-30T22:04:32.171905+00:00
SOL,KXSOLD-26SEP3017-T120.9999,KXSOLD-26SEP3017,3,no,0.71,2026-09-30T12:11:14.937120+00:00,no,True,0.29,2026-09-30T22:04:32.171943+00:00
SOL,KXSOLD-26SEP3017-T114.9999,KXSOLD-26SEP3017,4,yes,0.92,2026-09-30T12:11:14.937185+00:00,yes,True,0.0799999999999999,2026-09-30T22:04:32.171982+00:00
XRP,KXXRPD-26SEP3017-T1.7799,KXXRPD-26SEP3017,13,no,0.97,2026-09-30T12:11:15.016324+00:00,no,True,0.03,2026-09-30T22:04:32.172051+00:00
XRP,KXXRPD-26SEP3017-T1.5399,KXXRPD-26SEP3017,11,no,0.78,2026-09-30T12:11:15.016374+00:00,no,True,0.2199999999999999,2026-09-30T22:04:32.172089+00:00
XRP,KXXRPD-26SEP3017-T1.4999,KXXRPD-26SEP3017,9,yes,0.66,2026-09-30T12:11:15.016429+00:00,no,False,-0.66,2026-09-30T22:04:32.172127+00:00
XRP,KXXRPD-26SEP3017-T1.3999,KXXRPD-26SEP3017,10,yes,0.97,2026-09-30T12:11:15.016458+00:00,yes,True,0.03,2026-09-30T22:04:32.172168+00:00
XRP,KXXRPD-26SEP3017-T1.3599,KXXRPD-26SEP3017,12,yes,0.97,2026-09-30T12:11:15.016487+00:00,yes,True,0.03,2026-09-30T22:04:32.172260+00:00
DOGE,KXDOGED-26SEP3017-T0.1249999,KXDOGED-26SEP3017,7,no,0.94,2026-09-30T12:11:15.056153+00:00,no,True,0.06,2026-09-30T22:04:32.172331+00:00
DOGE,KXDOGED-26SEP3017-T0.0849999,KXDOGED-26SEP3017,6,yes,0.95,2026-09-30T12:11:15.056224+00:00,yes,True,0.05,2026-09-30T22:04:32.172391+00:00
HYPE,KXHYPED-26SEP3014-T91.9999,KXHYPED-26SEP3014,7,no,0.95,2026-09-30T17:59:45.849492+00:00,no,True,0.05,2026-09-30T22:04:32.172433+00:00
HYPE,KXHYPED-26SEP3014-T91.7499,KXHYPED-26SEP3014,8,no,0.8,2026-09-30T17:59:45.849538+00:00,no,True,0.1999999999999999,2026-09-30T22:04:32.172472+00:00
HYPE,KXHYPED-26SEP3014-T91.4999,KXHYPED-26SEP3014,9,no,0.8,2026-09-30T17:59:45.849569+00:00,no,True,0.1999999999999999,2026-09-30T22:04:32.172509+00:00
HYPE,KXHYPED-26SEP3014-T90.7499,KXHYPED-26SEP3014,5,no,0.99,2026-09-30T17:59:45.849595+00:00,no,True,0.01,2026-09-30T22:04:32.172546+00:00
HYPE,KXHYPED-26SEP3014-T90.4999,KXHYPED-26SEP3014,6,no,0.99,2026-09-30T17:59:45.849622+00:00,no,True,0.01,2026-09-30T22:04:32.172583+00:00
HYPE,KXHYPED-26SEP3014-T89.7499,KXHYPED-26SEP3014,10,no,0.99,2026-09-30T17:59:45.849647+00:00,no,True,0.01,2026-09-30T22:04:32.172620+00:00
HYPE,KXHYPED-26SEP3017-T92.9999,KXHYPED-26SEP3017,10,no,0.95,2026-09-30T17:59:45.849675+00:00,no,True,0.05,2026-09-30T22:04:32.172657+00:00
HYPE,KXHYPED-26SEP3017-T91.9999,KXHYPED-26SEP3017,5,no,0.92,2026-09-30T17:59:45.849707+00:00,no,True,0.0799999999999999,2026-09-30T22:04:32.172708+00:00
HYPE,KXHYPED-26SEP3017-T89.9999,KXHYPED-26SEP3017,6,no,0.71,2026-09-30T17:59:45.849751+00:00,yes,False,-0.71,2026-09-30T22:04:32.172745+00:00
HYPE,KXHYPED-26SEP3017-T87.9999,KXHYPED-26SEP3017,9,yes,0.77,2026-09-30T17:59:45.849811+00:00,yes,True,0.2299999999999999,2026-09-30T22:04:32.172782+00:00
SOL,KXSOLD-26SEP3014-T121.2499,KXSOLD-26SEP3014,7,no,0.99,2026-09-30T17:59:45.933717+00:00,no,True,0.01,2026-09-30T22:04:32.172818+00:00
SOL,KXSOLD-26SEP3014-T120.9999,KXSOLD-26SEP3014,9,no,0.99,2026-09-30T17:59:45.933796+00:00,no,True,0.01,2026-09-30T22:04:32.172855+00:00
SOL,KXSOLD-26SEP3014-T120.7499,KXSOLD-26SEP3014,4,no,0.99,2026-09-30T17:59:45.933832+00:00,no,True,0.01,2026-09-30T22:04:32.172891+00:00
SOL,KXSOLD-26SEP3014-T120.2499,KXSOLD-26SEP3014,5,no,0.99,2026-09-30T17:59:45.933861+00:00,no,True,0.01,2026-09-30T22:04:32.172928+00:00
SOL,KXSOLD-26SEP3014-T119.9999,KXSOLD-26SEP3014,3,no,0.99,2026-09-30T17:59:45.933888+00:00,no,True,0.01,2026-09-30T22:04:32.172966+00:00
SOL,KXSOLD-26SEP3014-T119.2499,KXSOLD-26SEP3014,8,no,0.94,2026-09-30T17:59:45.933932+00:00,no,True,0.06,2026-09-30T22:04:32.173003+00:00
SOL,KXSOLD-26SEP3014-T118.9999,KXSOLD-26SEP3014,6,yes,0.97,2026-09-30T17:59:45.933962+00:00,yes,True,0.03,2026-09-30T22:04:32.173041+00:00
SOL,KXSOLD-26SEP3017-T121.9999,KXSOLD-26SEP3017,6,no,0.93,2026-09-30T17:59:45.934053+00:00,no,True,0.0699999999999999,2026-09-30T22:04:32.173082+00:00
SOL,KXSOLD-26SEP3017-T119.9999,KXSOLD-26SEP3017,4,no,0.7,2026-09-30T17:59:45.934113+00:00,no,True,0.3,2026-09-30T22:04:32.173120+00:00
SOL,KXSOLD-26SEP3017-T115.9999,KXSOLD-26SEP3017,9,yes,0.95,2026-09-30T17:59:45.934142+00:00,yes,True,0.05,2026-09-30T22:04:32.173156+00:00
XRP,KXXRPD-26SEP3017-T1.4399,KXXRPD-26SEP3017,9,yes,0.96,2026-09-30T17:59:46.137920+00:00,yes,True,0.04,2026-09-30T22:04:32.173239+00:00
DOGE,KXDOGED-26SEP3017-T0.1049999,KXDOGED-26SEP3017,6,no,0.94,2026-09-30T17:59:46.268473+00:00,no,True,0.06,2026-09-30T22:04:32.173276+00:00
HYPE,KXHYPED-26SEP3019-T90.2499,KXHYPED-26SEP3019,6,yes,0.89,2026-09-30T22:04:32.252102+00:00,yes,True,0.1099999999999999,2026-10-01T01:14:15.961270+00:00
HYPE,KXHYPED-26SEP3019-T89.9999,KXHYPED-26SEP3019,5,yes,0.95,2026-09-30T22:04:32.252157+00:00,yes,True,0.05,2026-10-01T01:14:15.961338+00:00
SOL,KXSOLD-26SEP3019-T117.4999,KXSOLD-26SEP3019,3,yes,0.74,2026-09-30T22:04:32.324157+00:00,yes,True,0.26,2026-10-01T01:14:15.961411+00:00
HYPE,KXHYPED-26SEP3022-T88.9999,KXHYPED-26SEP3022,5,yes,0.96,2026-10-01T01:14:16.054714+00:00,yes,True,0.04,2026-10-01T07:12:02.240095+00:00
SOL,KXSOLD-26SEP3022-T118.4999,KXSOLD-26SEP3022,4,no,0.86,2026-10-01T01:14:16.138961+00:00,no,True,0.14,2026-10-01T07:12:02.240320+00:00
SOL,KXSOLD-26SEP3022-T117.7499,KXSOLD-26SEP3022,3,yes,0.71,2026-10-01T01:14:16.139023+00:00,yes,True,0.29,2026-10-01T07:12:02.240386+00:00
SOL,KXSOLD-26SEP3022-T117.2499,KXSOLD-26SEP3022,6,yes,0.92,2026-10-01T01:14:16.139055+00:00,yes,True,0.0799999999999999,2026-10-01T07:12:02.240448+00:00
HYPE,KXHYPED-26OCT0111-T89.7499,KXHYPED-26OCT0111,7,no,0.97,2026-10-01T14:27:43.139576+00:00,no,True,0.03,2026-10-01T19:42:01.938261+00:00
HYPE,KXHYPED-26OCT0111-T88.9999,KXHYPED-26OCT0111,5,no,0.71,2026-10-01T14:27:43.139624+00:00,no,True,0.29,2026-10-01T19:42:01.938359+00:00
HYPE,KXHYPED-26OCT0111-T87.7499,KXHYPED-26OCT0111,6,yes,0.95,2026-10-01T14:27:43.139651+00:00,yes,True,0.05,2026-10-01T19:42:01.938423+00:00
SOL,KXSOLD-26OCT0111-T118.4999,KXSOLD-26OCT0111,5,no,0.7,2026-10-01T14:27:43.208770+00:00,no,True,0.3,2026-10-01T19:42:01.938485+00:00
SOL,KXSOLD-26OCT0111-T117.2499,KXSOLD-26OCT0111,8,yes,0.82,2026-10-01T14:27:43.208857+00:00,yes,True,0.18,2026-10-01T19:42:01.938547+00:00
SOL,KXSOLD-26OCT0111-T116.9999,KXSOLD-26OCT0111,6,yes,0.88,2026-10-01T14:27:43.208904+00:00,yes,True,0.12,2026-10-01T19:42:01.938608+00:00
SOL,KXSOLD-26OCT0111-T116.7499,KXSOLD-26OCT0111,9,yes,0.88,2026-10-01T14:27:43.208929+00:00,yes,True,0.12,2026-10-01T19:42:01.938670+00:00
SOL,KXSOLD-26OCT0111-T116.4999,KXSOLD-26OCT0111,7,yes,0.92,2026-10-01T14:27:43.208955+00:00,yes,True,0.0799999999999999,2026-10-01T19:42:01.938731+00:00
SOL,KXSOLD-26OCT0117-T123.9999,KXSOLD-26OCT0117,3,no,0.92,2026-09-30T22:04:32.324102+00:00,no,True,0.0799999999999999,2026-10-01T23:25:25.986816+00:00
SOL,KXSOLD-26OCT0117-T118.9999,KXSOLD-26OCT0117,7,no,0.62,2026-10-01T01:14:16.138807+00:00,no,True,0.38,2026-10-01T23:25:25.986977+00:00
SOL,KXSOLD-26OCT0117-T116.9999,KXSOLD-26OCT0117,3,yes,0.61,2026-10-01T01:14:16.138885+00:00,yes,True,0.39,2026-10-01T23:25:25.987043+00:00
SOL,KXSOLD-26OCT0117-T111.9999,KXSOLD-26OCT0117,4,yes,0.91,2026-10-01T01:14:16.138921+00:00,yes,True,0.0899999999999999,2026-10-01T23:25:25.987105+00:00
SOL,KXSOLD-26OCT0117-T120.9999,KXSOLD-26OCT0117,6,no,0.89,2026-10-01T14:27:43.208998+00:00,no,True,0.1099999999999999,2026-10-01T23:25:25.987167+00:00
SOL,KXSOLD-26OCT0117-T119.9999,KXSOLD-26OCT0117,5,no,0.83,2026-10-01T14:27:43.209021+00:00,no,True,0.17,2026-10-01T23:25:25.987228+00:00
SOL,KXSOLD-26OCT0117-T114.9999,KXSOLD-26OCT0117,7,yes,0.9,2026-10-01T14:27:43.209075+00:00,yes,True,0.0999999999999999,2026-10-01T23:25:25.987289+00:00
SOL,KXSOLD-26OCT0117-T113.9999,KXSOLD-26OCT0117,3,yes,0.94,2026-10-01T14:27:43.209097+00:00,yes,True,0.06,2026-10-01T23:25:25.987349+00:00
XRP,KXXRPD-26OCT0117-T1.7799,KXXRPD-26OCT0117,9,no,0.96,2026-10-01T14:27:43.362119+00:00,no,True,0.04,2026-10-01T23:25:25.987409+00:00
XRP,KXXRPD-26OCT0117-T1.3199,KXXRPD-26OCT0117,8,yes,0.97,2026-10-01T14:27:43.362160+00:00,yes,True,0.03,2026-10-01T23:25:25.987470+00:00
HYPE,KXHYPED-26OCT0116-T88.2499,KXHYPED-26OCT0116,9,no,0.97,2026-10-01T19:42:02.123126+00:00,no,True,0.03,2026-10-01T23:25:25.987535+00:00
HYPE,KXHYPED-26OCT0116-T87.9999,KXHYPED-26OCT0116,8,no,0.95,2026-10-01T19:42:02.123225+00:00,no,True,0.05,2026-10-01T23:25:25.987597+00:00
HYPE,KXHYPED-26OCT0116-T87.4999,KXHYPED-26OCT0116,5,no,0.75,2026-10-01T19:42:02.123290+00:00,yes,False,-0.75,2026-10-01T23:25:25.987658+00:00
HYPE,KXHYPED-26OCT0116-T86.9999,KXHYPED-26OCT0116,6,yes,0.77,2026-10-01T19:42:02.123340+00:00,yes,True,0.2299999999999999,2026-10-01T23:25:25.987719+00:00
HYPE,KXHYPED-26OCT0116-T86.4999,KXHYPED-26OCT0116,10,yes,0.95,2026-10-01T19:42:02.123389+00:00,yes,True,0.05,2026-10-01T23:25:25.987780+00:00
HYPE,KXHYPED-26OCT0116-T86.2499,KXHYPED-26OCT0116,7,yes,0.97,2026-10-01T19:42:02.123436+00:00,yes,True,0.03,2026-10-01T23:25:25.987847+00:00
HYPE,KXHYPED-26OCT0117-T89.9999,KXHYPED-26OCT0117,5,no,0.98,2026-10-01T19:42:02.123483+00:00,no,True,0.02,2026-10-01T23:25:25.987965+00:00
HYPE,KXHYPED-26OCT0117-T88.9999,KXHYPED-26OCT0117,6,no,0.95,2026-10-01T19:42:02.123534+00:00,no,True,0.05,2026-10-01T23:25:25.988037+00:00
SOL,KXSOLD-26OCT0116-T118.9999,KXSOLD-26OCT0116,3,no,0.92,2026-10-01T19:42:02.322873+00:00,no,True,0.0799999999999999,2026-10-01T23:25:25.988099+00:00
SOL,KXSOLD-26OCT0116-T118.7499,KXSOLD-26OCT0116,5,no,0.93,2026-10-01T19:42:02.322935+00:00,no,True,0.0699999999999999,2026-10-01T23:25:25.988159+00:00
SOL,KXSOLD-26OCT0116-T118.4999,KXSOLD-26OCT0116,6,no,0.87,2026-10-01T19:42:02.322987+00:00,no,True,0.13,2026-10-01T23:25:25.988227+00:00
SOL,KXSOLD-26OCT0116-T118.2499,KXSOLD-26OCT0116,4,no,0.73,2026-10-01T19:42:02.323035+00:00,no,True,0.27,2026-10-01T23:25:25.988287+00:00
SOL,KXSOLD-26OCT0116-T117.4999,KXSOLD-26OCT0116,9,yes,0.81,2026-10-01T19:42:02.323082+00:00,yes,True,0.1899999999999999,2026-10-01T23:25:25.988347+00:00
SOL,KXSOLD-26OCT0116-T117.2499,KXSOLD-26OCT0116,8,yes,0.9,2026-10-01T19:42:02.323127+00:00,yes,True,0.0999999999999999,2026-10-01T23:25:25.988408+00:00
SOL,KXSOLD-26OCT0116-T116.9999,KXSOLD-26OCT0116,7,yes,0.93,2026-10-01T19:42:02.323206+00:00,yes,True,0.0699999999999999,2026-10-01T23:25:25.988468+00:00
SOL,KXSOLD-26OCT0117-T128.9999,KXSOLD-26OCT0117,3,no,0.95,2026-10-01T19:42:02.323259+00:00,no,True,0.05,2026-10-01T23:25:25.988535+00:00
DOGE,KXDOGED-26OCT0117-T0.1249999,KXDOGED-26OCT0117,5,no,0.93,2026-10-01T19:42:02.678349+00:00,no,True,0.0699999999999999,2026-10-01T23:25:25.988597+00:00
DOGE,KXDOGED-26OCT0117-T0.1049999,KXDOGED-26OCT0117,6,no,0.93,2026-10-01T19:42:02.678413+00:00,no,True,0.0699999999999999,2026-10-01T23:25:25.988662+00:00
DOGE,KXDOGED-26OCT0117-T0.0999999,KXDOGED-26OCT0117,7,no,0.94,2026-10-01T19:42:02.678463+00:00,no,True,0.06,2026-10-01T23:25:25.988723+00:00
HYPE,KXHYPED-26OCT0120-T86.2499,KXHYPED-26OCT0120,5,yes,0.98,2026-10-01T23:25:26.042183+00:00,yes,True,0.02,2026-10-02T02:23:29.518563+00:00
HYPE,KXHYPED-26OCT0120-T85.9999,KXHYPED-26OCT0120,6,yes,0.98,2026-10-01T23:25:26.042245+00:00,yes,True,0.02,2026-10-02T02:23:29.518650+00:00
SOL,KXSOLD-26OCT0120-T118.7499,KXSOLD-26OCT0120,5,no,0.83,2026-10-01T23:25:26.105090+00:00,no,True,0.17,2026-10-02T02:23:29.518717+00:00
SOL,KXSOLD-26OCT0120-T118.2499,KXSOLD-26OCT0120,4,yes,0.62,2026-10-01T23:25:26.105150+00:00,yes,True,0.38,2026-10-02T02:23:29.518779+00:00
SOL,KXSOLD-26OCT0120-T117.9999,KXSOLD-26OCT0120,3,yes,0.83,2026-10-01T23:25:26.105201+00:00,yes,True,0.17,2026-10-02T02:23:29.518841+00:00
HYPE,KXHYPED-26OCT0123-T89.4999,KXHYPED-26OCT0123,8,no,0.98,2026-10-02T02:23:29.661226+00:00,no,True,0.02,2026-10-02T08:42:23.789098+00:00
HYPE,KXHYPED-26OCT0123-T87.9999,KXHYPED-26OCT0123,5,yes,0.71,2026-10-02T02:23:29.661334+00:00,yes,True,0.29,2026-10-02T08:42:23.789181+00:00
HYPE,KXHYPED-26OCT0123-T87.7499,KXHYPED-26OCT0123,6,yes,0.87,2026-10-02T02:23:29.661386+00:00,yes,True,0.13,2026-10-02T08:42:23.789281+00:00
HYPE,KXHYPED-26OCT0123-T86.9999,KXHYPED-26OCT0123,7,yes,0.98,2026-10-02T02:23:29.661436+00:00,yes,True,0.02,2026-10-02T08:42:23.789375+00:00
SOL,KXSOLD-26OCT0123-T120.4999,KXSOLD-26OCT0123,7,no,0.9,2026-10-02T02:23:29.792342+00:00,no,True,0.0999999999999999,2026-10-02T08:42:23.789443+00:00
SOL,KXSOLD-26OCT0123-T120.2499,KXSOLD-26OCT0123,6,no,0.85,2026-10-02T02:23:29.792411+00:00,no,True,0.15,2026-10-02T08:42:23.789508+00:00
SOL,KXSOLD-26OCT0123-T119.9999,KXSOLD-26OCT0123,4,no,0.76,2026-10-02T02:23:29.792500+00:00,yes,False,-0.76,2026-10-02T08:42:23.789571+00:00
SOL,KXSOLD-26OCT0123-T119.2499,KXSOLD-26OCT0123,3,yes,0.7,2026-10-02T02:23:29.792565+00:00,yes,True,0.3,2026-10-02T08:42:23.789633+00:00
SOL,KXSOLD-26OCT0123-T118.9999,KXSOLD-26OCT0123,5,yes,0.86,2026-10-02T02:23:29.792615+00:00,yes,True,0.14,2026-10-02T08:42:23.789694+00:00
HYPE,KXHYPED-26OCT0205-T91.7499,KXHYPED-26OCT0205,10,no,0.98,2026-10-02T08:42:23.923181+00:00,no,True,0.02,2026-10-02T15:01:19.991169+00:00
HYPE,KXHYPED-26OCT0205-T90.7499,KXHYPED-26OCT0205,7,no,0.91,2026-10-02T08:42:23.923289+00:00,no,True,0.0899999999999999,2026-10-02T15:01:19.991238+00:00
HYPE,KXHYPED-26OCT0205-T90.4999,KXHYPED-26OCT0205,5,no,0.79,2026-10-02T08:42:23.923364+00:00,no,True,0.2099999999999999,2026-10-02T15:01:19.991289+00:00
HYPE,KXHYPED-26OCT0205-T89.9999,KXHYPED-26OCT0205,8,yes,0.78,2026-10-02T08:42:23.923430+00:00,yes,True,0.2199999999999999,2026-10-02T15:01:19.991337+00:00
HYPE,KXHYPED-26OCT0205-T89.4999,KXHYPED-26OCT0205,9,yes,0.96,2026-10-02T08:42:23.923480+00:00,yes,True,0.04,2026-10-02T15:01:19.991385+00:00
HYPE,KXHYPED-26OCT0205-T88.9999,KXHYPED-26OCT0205,6,yes,0.98,2026-10-02T08:42:23.923530+00:00,yes,True,0.02,2026-10-02T15:01:19.991433+00:00
SOL,KXSOLD-26OCT0205-T123.2499,KXSOLD-26OCT0205,5,no,0.93,2026-10-02T08:42:24.019276+00:00,no,True,0.0699999999999999,2026-10-02T15:01:19.991481+00:00
SOL,KXSOLD-26OCT0205-T122.2499,KXSOLD-26OCT0205,3,yes,0.72,2026-10-02T08:42:24.019346+00:00,no,False,-0.72,2026-10-02T15:01:19.991529+00:00
SOL,KXSOLD-26OCT0205-T121.9999,KXSOLD-26OCT0205,4,yes,0.88,2026-10-02T08:42:24.019402+00:00,yes,True,0.12,2026-10-02T15:01:19.991578+00:00
SOL,KXSOLD-26OCT0205-T121.7499,KXSOLD-26OCT0205,7,yes,0.93,2026-10-02T08:42:24.019452+00:00,yes,True,0.0699999999999999,2026-10-02T15:01:19.991626+00:00
SOL,KXSOLD-26OCT0205-T121.4999,KXSOLD-26OCT0205,8,yes,0.95,2026-10-02T08:42:24.019502+00:00,yes,True,0.05,2026-10-02T15:01:19.991674+00:00
SOL,KXSOLD-26OCT0205-T121.2499,KXSOLD-26OCT0205,6,yes,0.97,2026-10-02T08:42:24.019550+00:00,yes,True,0.03,2026-10-02T15:01:19.991722+00:00
SOL,KXSOLD-26OCT0205-T120.9999,KXSOLD-26OCT0205,9,yes,0.96,2026-10-02T08:42:24.019597+00:00,yes,True,0.04,2026-10-02T15:01:19.991770+00:00
BNB,KXBNBD-26OCT0205-T774.99,KXBNBD-26OCT0205,7,yes,0.94,2026-10-02T08:42:24.144179+00:00,yes,True,0.06,2026-10-02T15:01:19.991858+00:00
BNB,KXBNBD-26OCT0205-T744.99,KXBNBD-26OCT0205,6,yes,0.99,2026-10-02T08:42:24.144266+00:00,yes,True,0.01,2026-10-02T15:01:19.991906+00:00
SOL,KXSOLD-26OCT0217-T118.9999,KXSOLD-26OCT0217,5,yes,0.6,2026-09-25T21:58:06.899801+00:00,no,False,-0.6,2026-10-02T23:18:52.028282+00:00
SOL,KXSOLD-26OCT0217-T117.9999,KXSOLD-26OCT0217,7,yes,0.61,2026-09-25T21:58:06.899848+00:00,no,False,-0.61,2026-10-02T23:18:52.028395+00:00
SOL,KXSOLD-26OCT0217-T138.9999,KXSOLD-26OCT0217,3,no,0.93,2026-09-26T05:12:50.707130+00:00,no,True,0.0699999999999999,2026-10-02T23:18:52.028495+00:00
SOL,KXSOLD-26OCT0217-T136.9999,KXSOLD-26OCT0217,4,no,0.91,2026-09-26T05:12:50.707178+00:00,no,True,0.0899999999999999,2026-10-02T23:18:52.028569+00:00
SOL,KXSOLD-26OCT0217-T134.9999,KXSOLD-26OCT0217,9,no,0.89,2026-09-26T05:12:50.707225+00:00,no,True,0.1099999999999999,2026-10-02T23:18:52.028648+00:00
SOL,KXSOLD-26OCT0217-T132.9999,KXSOLD-26OCT0217,6,no,0.87,2026-09-26T05:12:50.707289+00:00,no,True,0.13,2026-10-02T23:18:52.028721+00:00
SOL,KXSOLD-26OCT0217-T130.9999,KXSOLD-26OCT0217,7,no,0.85,2026-09-26T05:12:50.707362+00:00,no,True,0.15,2026-10-02T23:18:52.028795+00:00
SOL,KXSOLD-26OCT0217-T129.9999,KXSOLD-26OCT0217,8,no,0.83,2026-09-26T05:12:50.707436+00:00,no,True,0.17,2026-10-02T23:18:52.028882+00:00
SOL,KXSOLD-26OCT0217-T116.9999,KXSOLD-26OCT0217,5,yes,0.64,2026-09-26T05:12:50.707487+00:00,yes,True,0.36,2026-10-02T23:18:52.028950+00:00
SOL,KXSOLD-26OCT0217-T114.9999,KXSOLD-26OCT0217,6,yes,0.73,2026-09-26T09:52:39.625987+00:00,yes,True,0.27,2026-10-02T23:18:52.029042+00:00
SOL,KXSOLD-26OCT0217-T135.9999,KXSOLD-26OCT0217,6,no,0.91,2026-09-26T13:54:57.316817+00:00,no,True,0.0899999999999999,2026-10-02T23:18:52.029112+00:00
SOL,KXSOLD-26OCT0217-T103.9999,KXSOLD-26OCT0217,4,yes,0.95,2026-09-26T17:32:06.503186+00:00,yes,True,0.05,2026-10-02T23:18:52.029179+00:00
SOL,KXSOLD-26OCT0217-T120.9999,KXSOLD-26OCT0217,3,yes,0.62,2026-09-27T11:41:22.999360+00:00,no,False,-0.62,2026-10-02T23:18:52.029243+00:00
SOL,KXSOLD-26OCT0217-T104.9999,KXSOLD-26OCT0217,9,yes,0.96,2026-09-27T19:19:32.334004+00:00,yes,True,0.04,2026-10-02T23:18:52.029312+00:00
XRP,KXXRPD-26OCT0217-T1.4599,KXXRPD-26OCT0217,8,yes,0.68,2026-09-27T19:19:32.568950+00:00,yes,True,0.3199999999999999,2026-10-02T23:18:52.029374+00:00
SOL,KXSOLD-26OCT0217-T109.9999,KXSOLD-26OCT0217,3,yes,0.86,2026-09-28T06:08:03.264925+00:00,yes,True,0.14,2026-10-02T23:18:52.029443+00:00
XRP,KXXRPD-26OCT0217-T1.6399,KXXRPD-26OCT0217,8,no,0.85,2026-09-28T06:08:03.404927+00:00,no,True,0.15,2026-10-02T23:18:52.029504+00:00
XRP,KXXRPD-26OCT0217-T1.8199,KXXRPD-26OCT0217,10,no,0.92,2026-09-28T13:46:20.204079+00:00,no,True,0.0799999999999999,2026-10-02T23:18:52.029566+00:00
XRP,KXXRPD-26OCT0217-T1.7999,KXXRPD-26OCT0217,8,no,0.93,2026-09-28T20:15:20.428377+00:00,no,True,0.0699999999999999,2026-10-02T23:18:52.029630+00:00
XRP,KXXRPD-26OCT0217-T1.7199,KXXRPD-26OCT0217,9,no,0.9,2026-09-28T20:15:20.428449+00:00,no,True,0.0999999999999999,2026-10-02T23:18:52.029691+00:00
XRP,KXXRPD-26OCT0217-T1.6799,KXXRPD-26OCT0217,14,no,0.88,2026-09-28T20:15:20.428500+00:00,no,True,0.12,2026-10-02T23:18:52.029751+00:00
XRP,KXXRPD-26OCT0217-T1.3199,KXXRPD-26OCT0217,15,yes,0.9,2026-09-28T20:15:20.428640+00:00,yes,True,0.0999999999999999,2026-10-02T23:18:52.029812+00:00
XRP,KXXRPD-26OCT0217-T1.6599,KXXRPD-26OCT0217,9,no,0.87,2026-09-29T00:24:15.636505+00:00,no,True,0.13,2026-10-02T23:18:52.029872+00:00
XRP,KXXRPD-26OCT0217-T1.6199,KXXRPD-26OCT0217,8,no,0.81,2026-09-29T00:24:15.636560+00:00,no,True,0.1899999999999999,2026-10-02T23:18:52.029931+00:00
XRP,KXXRPD-26OCT0217-T1.4799,KXXRPD-26OCT0217,12,yes,0.6,2026-09-29T11:55:15.057783+00:00,no,False,-0.6,2026-10-02T23:18:52.030021+00:00
XRP,KXXRPD-26OCT0217-T1.7799,KXXRPD-26OCT0217,10,no,0.95,2026-09-29T17:25:11.137624+00:00,no,True,0.05,2026-10-02T23:18:52.030091+00:00
XRP,KXXRPD-26OCT0217-T1.3999,KXXRPD-26OCT0217,15,yes,0.75,2026-09-29T17:25:11.137736+00:00,yes,True,0.25,2026-10-02T23:18:52.030153+00:00
XRP,KXXRPD-26OCT0217-T1.7399,KXXRPD-26OCT0217,9,no,0.94,2026-09-29T21:29:11.848617+00:00,no,True,0.06,2026-10-02T23:18:52.030221+00:00
XRP,KXXRPD-26OCT0217-T1.5999,KXXRPD-26OCT0217,12,no,0.8,2026-09-29T21:29:11.848667+00:00,no,True,0.1999999999999999,2026-10-02T23:18:52.030284+00:00
SOL,KXSOLD-26OCT0217-T125.9999,KXSOLD-26OCT0217,9,no,0.86,2026-09-30T12:11:14.937213+00:00,no,True,0.14,2026-10-02T23:18:52.030344+00:00
SOL,KXSOLD-26OCT0217-T128.9999,KXSOLD-26OCT0217,9,no,0.93,2026-09-30T17:59:45.934169+00:00,no,True,0.0699999999999999,2026-10-02T23:18:52.030404+00:00
XRP,KXXRPD-26OCT0217-T1.5199,KXXRPD-26OCT0217,8,no,0.65,2026-09-30T22:04:32.430112+00:00,no,True,0.35,2026-10-02T23:18:52.030464+00:00
BNB,KXBNBD-26OCT0217-T954.99,KXBNBD-26OCT0217,7,no,0.99,2026-10-01T23:25:26.151370+00:00,no,True,0.01,2026-10-02T23:18:52.030524+00:00
BNB,KXBNBD-26OCT0217-T944.99,KXBNBD-26OCT0217,10,no,0.99,2026-10-01T23:25:26.151432+00:00,no,True,0.01,2026-10-02T23:18:52.030585+00:00
BNB,KXBNBD-26OCT0217-T889.99,KXBNBD-26OCT0217,6,no,0.99,2026-10-01T23:25:26.151483+00:00,no,True,0.01,2026-10-02T23:18:52.030645+00:00
BNB,KXBNBD-26OCT0217-T884.99,KXBNBD-26OCT0217,14,no,0.99,2026-10-01T23:25:26.151531+00:00,no,True,0.01,2026-10-02T23:18:52.030712+00:00
XRP,KXXRPD-26OCT0217-T1.5599,KXXRPD-26OCT0217,10,no,0.88,2026-10-01T23:25:26.197043+00:00,no,True,0.12,2026-10-02T23:18:52.030773+00:00
SOL,KXSOLD-26OCT0217-T124.9999,KXSOLD-26OCT0217,9,no,0.92,2026-10-02T02:23:29.792663+00:00,no,True,0.0799999999999999,2026-10-02T23:18:52.030834+00:00
BNB,KXBNBD-26OCT0217-T934.99,KXBNBD-26OCT0217,12,no,0.99,2026-10-02T02:23:29.912549+00:00,no,True,0.01,2026-10-02T23:18:52.030893+00:00
BNB,KXBNBD-26OCT0217-T924.99,KXBNBD-26OCT0217,13,no,0.99,2026-10-02T02:23:29.912610+00:00,no,True,0.01,2026-10-02T23:18:52.030959+00:00
SOL,KXSOLD-26OCT0217-T123.9999,KXSOLD-26OCT0217,3,no,0.69,2026-10-02T08:42:24.019674+00:00,no,True,0.31,2026-10-02T23:18:52.031053+00:00
XRP,KXXRPD-26OCT0217-T1.8399,KXXRPD-26OCT0217,11,no,0.99,2026-10-02T08:42:24.234707+00:00,no,True,0.01,2026-10-02T23:18:52.031124+00:00
SOL,KXSOLD-26OCT0217-T122.9999,KXSOLD-26OCT0217,7,no,0.9,2026-10-02T15:01:20.134724+00:00,no,True,0.0999999999999999,2026-10-02T23:18:52.031194+00:00
SOL,KXSOLD-26OCT0217-T121.9999,KXSOLD-26OCT0217,9,no,0.78,2026-10-02T15:01:20.134778+00:00,no,True,0.2199999999999999,2026-10-02T23:18:52.031253+00:00
XRP,KXXRPD-26OCT0217-T1.7599,KXXRPD-26OCT0217,12,no,0.96,2026-10-02T15:01:20.269069+00:00,no,True,0.04,2026-10-02T23:18:52.031313+00:00
XRP,KXXRPD-26OCT0217-T1.4999,KXXRPD-26OCT0217,9,yes,0.7,2026-10-02T15:01:20.269252+00:00,no,False,-0.7,2026-10-02T23:18:52.031379+00:00
HYPE,KXHYPED-26OCT0217-T89.9999,KXHYPED-26OCT0217,6,no,0.97,2026-10-02T19:51:54.688757+00:00,no,True,0.03,2026-10-02T23:18:52.031440+00:00
HYPE,KXHYPED-26OCT0217-T87.9999,KXHYPED-26OCT0217,8,no,0.94,2026-10-02T19:51:54.688823+00:00,no,True,0.06,2026-10-02T23:18:52.031499+00:00
HYPE,KXHYPED-26OCT0217-T86.9999,KXHYPED-26OCT0217,7,no,0.75,2026-10-02T19:51:54.688914+00:00,no,True,0.25,2026-10-02T23:18:52.031558+00:00
HYPE,KXHYPED-26OCT0217-T84.9999,KXHYPED-26OCT0217,9,yes,0.96,2026-10-02T19:51:54.688988+00:00,yes,True,0.04,2026-10-02T23:18:52.031617+00:00
SOL,KXSOLD-26OCT0216-T118.9999,KXSOLD-26OCT0216,3,no,0.96,2026-10-02T19:51:54.737598+00:00,no,True,0.04,2026-10-02T23:18:52.031676+00:00
SOL,KXSOLD-26OCT0216-T118.7499,KXSOLD-26OCT0216,7,no,0.96,2026-10-02T19:51:54.737667+00:00,no,True,0.04,2026-10-02T23:18:52.031735+00:00
SOL,KXSOLD-26OCT0216-T118.4999,KXSOLD-26OCT0216,6,no,0.94,2026-10-02T19:51:54.737720+00:00,no,True,0.06,2026-10-02T23:18:52.031801+00:00
SOL,KXSOLD-26OCT0216-T117.7499,KXSOLD-26OCT0216,4,yes,0.78,2026-10-02T19:51:54.737769+00:00,yes,True,0.2199999999999999,2026-10-02T23:18:52.031864+00:00
SOL,KXSOLD-26OCT0216-T117.4999,KXSOLD-26OCT0216,5,yes,0.94,2026-10-02T19:51:54.737816+00:00,yes,True,0.06,2026-10-02T23:18:52.031924+00:00
SOL,KXSOLD-26OCT0216-T117.2499,KXSOLD-26OCT0216,8,yes,0.95,2026-10-02T19:51:54.737862+00:00,yes,True,0.05,2026-10-02T23:18:52.032011+00:00
SOL,KXSOLD-26OCT0216-T116.4999,KXSOLD-26OCT0216,9,yes,0.99,2026-10-02T19:51:54.737937+00:00,yes,True,0.01,2026-10-02T23:18:52.032094+00:00
XRP,KXXRPD-26OCT0217-T1.8799,KXXRPD-26OCT0217,10,no,0.99,2026-10-02T19:51:54.901315+00:00,no,True,0.01,2026-10-02T23:18:52.032156+00:00
DOGE,KXDOGED-26OCT0216-T0.0949999,KXDOGED-26OCT0216,6,no,0.99,2026-10-02T19:51:54.949660+00:00,no,True,0.01,2026-10-02T23:18:52.032216+00:00
DOGE,KXDOGED-26OCT0216-T0.0899999,KXDOGED-26OCT0216,5,yes,0.98,2026-10-02T19:51:54.949724+00:00,yes,True,0.02,2026-10-02T23:18:52.032275+00:00
HYPE,KXHYPED-26OCT0220-T88.2499,KXHYPED-26OCT0220,5,no,0.66,2026-10-02T23:18:52.094539+00:00,yes,False,-0.66,2026-10-03T02:05:40.408860+00:00
SOL,KXSOLD-26OCT0220-T118.9999,KXSOLD-26OCT0220,5,no,0.94,2026-10-02T23:18:52.154819+00:00,no,True,0.06,2026-10-03T02:05:40.409122+00:00
SOL,KXSOLD-26OCT0220-T117.9999,KXSOLD-26OCT0220,4,yes,0.93,2026-10-02T23:18:52.154902+00:00,yes,True,0.0699999999999999,2026-10-03T02:05:40.409187+00:00
BNB,KXBNBD-26OCT0220-T759.99,KXBNBD-26OCT0220,6,yes,0.96,2026-10-02T23:18:52.212366+00:00,yes,True,0.04,2026-10-03T02:05:40.409230+00:00
SOL,KXSOLD-26OCT0223-T119.2499,KXSOLD-26OCT0223,4,no,0.61,2026-10-03T02:05:40.557868+00:00,no,True,0.39,2026-10-03T08:00:11.336891+00:00
SOL,KXSOLD-26OCT0223-T118.7499,KXSOLD-26OCT0223,3,yes,0.87,2026-10-03T02:05:40.557907+00:00,yes,True,0.13,2026-10-03T08:00:11.336980+00:00
HYPE,KXHYPED-26OCT0304-T88.9999,KXHYPED-26OCT0304,7,no,0.98,2026-10-03T08:00:11.393023+00:00,no,True,0.02,2026-10-03T13:15:24.726486+00:00
HYPE,KXHYPED-26OCT0304-T88.7499,KXHYPED-26OCT0304,6,no,0.99,2026-10-03T08:00:11.393089+00:00,no,True,0.01,2026-10-03T13:15:24.726545+00:00
HYPE,KXHYPED-26OCT0304-T87.4999,KXHYPED-26OCT0304,5,yes,0.99,2026-10-03T08:00:11.393141+00:00,yes,True,0.01,2026-10-03T13:15:24.726586+00:00
HYPE,KXHYPED-26OCT0310-T89.2499,KXHYPED-26OCT0310,8,no,0.88,2026-10-03T13:15:24.771470+00:00,no,True,0.12,2026-10-03T17:18:31.276665+00:00
HYPE,KXHYPED-26OCT0310-T88.9999,KXHYPED-26OCT0310,7,no,0.8,2026-10-03T13:15:24.771514+00:00,no,True,0.1999999999999999,2026-10-03T17:18:31.276750+00:00
HYPE,KXHYPED-26OCT0310-T87.7499,KXHYPED-26OCT0310,5,yes,0.89,2026-10-03T13:15:24.771544+00:00,yes,True,0.1099999999999999,2026-10-03T17:18:31.276817+00:00
HYPE,KXHYPED-26OCT0310-T87.4999,KXHYPED-26OCT0310,6,yes,0.93,2026-10-03T13:15:24.771572+00:00,yes,True,0.0699999999999999,2026-10-03T17:18:31.276881+00:00
SOL,KXSOLD-26OCT0310-T119.9999,KXSOLD-26OCT0310,3,no,0.91,2026-10-03T13:15:24.819755+00:00,no,True,0.0899999999999999,2026-10-03T17:18:31.276995+00:00
SOL,KXSOLD-26OCT0310-T118.9999,KXSOLD-26OCT0310,4,yes,0.88,2026-10-03T13:15:24.819823+00:00,yes,True,0.12,2026-10-03T17:18:31.277059+00:00
HYPE,KXHYPED-26OCT0314-T89.4999,KXHYPED-26OCT0314,5,no,0.91,2026-10-03T17:18:31.353386+00:00,no,True,0.0899999999999999,2026-10-03T19:59:26.126866+00:00
HYPE,KXHYPED-26OCT0314-T88.2499,KXHYPED-26OCT0314,6,yes,0.96,2026-10-03T17:18:31.353452+00:00,yes,True,0.04,2026-10-03T19:59:26.126958+00:00
SOL,KXSOLD-26OCT0314-T119.7499,KXSOLD-26OCT0314,4,yes,0.68,2026-10-03T17:18:31.433901+00:00,yes,True,0.3199999999999999,2026-10-03T19:59:26.127028+00:00
SOL,KXSOLD-26OCT0314-T119.4999,KXSOLD-26OCT0314,3,yes,0.87,2026-10-03T17:18:31.433967+00:00,yes,True,0.13,2026-10-03T19:59:26.127094+00:00
SOL,KXSOLD-26OCT0314-T119.2499,KXSOLD-26OCT0314,5,yes,0.95,2026-10-03T17:18:31.434022+00:00,yes,True,0.05,2026-10-03T19:59:26.127160+00:00
HYPE,KXHYPED-26OCT0317-T86.9999,KXHYPED-26OCT0317,5,yes,0.71,2026-10-02T23:18:52.094473+00:00,yes,True,0.29,2026-10-03T22:46:32.373477+00:00
SOL,KXSOLD-26OCT0317-T122.9999,KXSOLD-26OCT0317,3,no,0.89,2026-10-02T23:18:52.154608+00:00,no,True,0.1099999999999999,2026-10-03T22:46:32.373648+00:00
SOL,KXSOLD-26OCT0317-T120.9999,KXSOLD-26OCT0317,4,no,0.84,2026-10-02T23:18:52.154701+00:00,no,True,0.16,2026-10-03T22:46:32.373730+00:00
SOL,KXSOLD-26OCT0317-T119.9999,KXSOLD-26OCT0317,5,no,0.72,2026-10-02T23:18:52.154764+00:00,no,True,0.28,2026-10-03T22:46:32.373809+00:00
HYPE,KXHYPED-26OCT0317-T85.9999,KXHYPED-26OCT0317,7,yes,0.95,2026-10-03T02:05:40.487569+00:00,yes,True,0.05,2026-10-03T22:46:32.373883+00:00
SOL,KXSOLD-26OCT0317-T121.9999,KXSOLD-26OCT0317,6,no,0.86,2026-10-03T02:05:40.557767+00:00,no,True,0.14,2026-10-03T22:46:32.374100+00:00
HYPE,KXHYPED-26OCT0317-T88.9999,KXHYPED-26OCT0317,6,no,0.7,2026-10-03T08:00:11.393191+00:00,yes,False,-0.7,2026-10-03T22:46:32.374193+00:00
SOL,KXSOLD-26OCT0317-T117.9999,KXSOLD-26OCT0317,6,yes,0.7,2026-10-03T08:00:11.437536+00:00,yes,True,0.3,2026-10-03T22:46:32.374263+00:00
HYPE,KXHYPED-26OCT0317-T89.9999,KXHYPED-26OCT0317,5,no,0.89,2026-10-03T13:15:24.771597+00:00,no,True,0.1099999999999999,2026-10-03T22:46:32.374329+00:00
SOL,KXSOLD-26OCT0317-T118.9999,KXSOLD-26OCT0317,7,yes,0.66,2026-10-03T13:15:24.819964+00:00,yes,True,0.3399999999999999,2026-10-03T22:46:32.374393+00:00
SOL,KXSOLD-26OCT0317-T116.9999,KXSOLD-26OCT0317,4,yes,0.93,2026-10-03T13:15:24.819990+00:00,yes,True,0.0699999999999999,2026-10-03T22:46:32.374456+00:00
SOL,KXSOLD-26OCT0317-T115.9999,KXSOLD-26OCT0317,3,yes,0.91,2026-10-03T13:15:24.820014+00:00,yes,True,0.0899999999999999,2026-10-03T22:46:32.374518+00:00
HYPE,KXHYPED-26OCT0316-T89.7499,KXHYPED-26OCT0316,6,no,0.99,2026-10-03T19:59:26.263614+00:00,no,True,0.01,2026-10-03T22:46:32.374580+00:00
HYPE,KXHYPED-26OCT0316-T88.4999,KXHYPED-26OCT0316,5,yes,0.99,2026-10-03T19:59:26.263708+00:00,yes,True,0.01,2026-10-03T22:46:32.374640+00:00
HYPE,KXHYPED-26OCT0316-T88.2499,KXHYPED-26OCT0316,7,yes,0.99,2026-10-03T19:59:26.263771+00:00,yes,True,0.01,2026-10-03T22:46:32.374700+00:00
HYPE,KXHYPED-26OCT0317-T90.9999,KXHYPED-26OCT0317,5,no,0.98,2026-10-03T19:59:26.263822+00:00,no,True,0.02,2026-10-03T22:46:32.374769+00:00
SOL,KXSOLD-26OCT0316-T120.4999,KXSOLD-26OCT0316,6,no,0.99,2026-10-03T19:59:26.401649+00:00,no,True,0.01,2026-10-03T22:46:32.374829+00:00
SOL,KXSOLD-26OCT0316-T120.2499,KXSOLD-26OCT0316,4,no,0.97,2026-10-03T19:59:26.401745+00:00,no,True,0.03,2026-10-03T22:46:32.374888+00:00
SOL,KXSOLD-26OCT0316-T119.9999,KXSOLD-26OCT0316,3,no,0.97,2026-10-03T19:59:26.401828+00:00,no,True,0.03,2026-10-03T22:46:32.374946+00:00
SOL,KXSOLD-26OCT0316-T119.2499,KXSOLD-26OCT0316,5,yes,0.99,2026-10-03T19:59:26.401914+00:00,yes,True,0.01,2026-10-03T22:46:32.375004+00:00
XRP,KXXRPD-26OCT0317-T1.7999,KXXRPD-26OCT0317,8,no,0.99,2026-10-03T19:59:26.644176+00:00,no,True,0.01,2026-10-03T22:46:32.375110+00:00
HYPE,KXHYPED-26OCT0319-T90.4999,KXHYPED-26OCT0319,9,no,0.98,2026-10-03T22:46:32.554009+00:00,no,True,0.02,2026-10-04T02:00:47.224380+00:00
HYPE,KXHYPED-26OCT0319-T90.2499,KXHYPED-26OCT0319,6,no,0.98,2026-10-03T22:46:32.554071+00:00,no,True,0.02,2026-10-04T02:00:47.224528+00:00
HYPE,KXHYPED-26OCT0319-T89.2499,KXHYPED-26OCT0319,7,yes,0.97,2026-10-03T22:46:32.554121+00:00,yes,True,0.03,2026-10-04T02:00:47.224645+00:00
HYPE,KXHYPED-26OCT0319-T88.9999,KXHYPED-26OCT0319,8,yes,0.98,2026-10-03T22:46:32.554209+00:00,yes,True,0.02,2026-10-04T02:00:47.224742+00:00
HYPE,KXHYPED-26OCT0319-T104.9999,KXHYPED-26OCT0319,5,no,0.99,2026-10-03T22:46:32.554262+00:00,no,True,0.01,2026-10-04T02:00:47.224813+00:00
SOL,KXSOLD-26OCT0319-T120.2499,KXSOLD-26OCT0319,5,no,0.97,2026-10-03T22:46:32.599922+00:00,no,True,0.03,2026-10-04T02:00:47.225039+00:00
SOL,KXSOLD-26OCT0319-T119.4999,KXSOLD-26OCT0319,3,yes,0.95,2026-10-03T22:46:32.599969+00:00,yes,True,0.05,2026-10-04T02:00:47.225104+00:00
SOL,KXSOLD-26OCT0319-T119.2499,KXSOLD-26OCT0319,4,yes,0.98,2026-10-03T22:46:32.600017+00:00,yes,True,0.02,2026-10-04T02:00:47.225166+00:00
SOL,KXSOLD-26OCT0319-T118.9999,KXSOLD-26OCT0319,6,yes,0.96,2026-10-03T22:46:32.600065+00:00,yes,True,0.04,2026-10-04T02:00:47.225231+00:00
HYPE,KXHYPED-26OCT0405-T89.9999,KXHYPED-26OCT0405,5,yes,0.89,2026-10-04T08:18:28.526630+00:00,yes,True,0.1099999999999999,2026-10-04T14:08:26.326884+00:00
HYPE,KXHYPED-26OCT0405-T89.4999,KXHYPED-26OCT0405,6,yes,0.97,2026-10-04T08:18:28.526682+00:00,yes,True,0.03,2026-10-04T14:08:26.326967+00:00
SOL,KXSOLD-26OCT0405-T121.9999,KXSOLD-26OCT0405,7,no,0.94,2026-10-04T08:18:28.645175+00:00,no,True,0.06,2026-10-04T14:08:26.327034+00:00
SOL,KXSOLD-26OCT0405-T121.7499,KXSOLD-26OCT0405,5,no,0.94,2026-10-04T08:18:28.645218+00:00,no,True,0.06,2026-10-04T14:08:26.327131+00:00
SOL,KXSOLD-26OCT0405-T121.2499,KXSOLD-26OCT0405,6,no,0.77,2026-10-04T08:18:28.645249+00:00,no,True,0.2299999999999999,2026-10-04T14:08:26.327199+00:00
SOL,KXSOLD-26OCT0405-T120.7499,KXSOLD-26OCT0405,3,yes,0.76,2026-10-04T08:18:28.645276+00:00,yes,True,0.24,2026-10-04T14:08:26.327263+00:00
SOL,KXSOLD-26OCT0405-T120.4999,KXSOLD-26OCT0405,4,yes,0.89,2026-10-04T08:18:28.645305+00:00,yes,True,0.1099999999999999,2026-10-04T14:08:26.327323+00:00
SOL,KXSOLD-26OCT0405-T120.2499,KXSOLD-26OCT0405,8,yes,0.94,2026-10-04T08:18:28.645332+00:00,yes,True,0.06,2026-10-04T14:08:26.327386+00:00
HYPE,KXHYPED-26OCT0411-T90.2499,KXHYPED-26OCT0411,5,no,0.75,2026-10-04T14:08:26.375891+00:00,no,True,0.25,2026-10-04T18:08:13.899981+00:00
SOL,KXSOLD-26OCT0411-T122.9999,KXSOLD-26OCT0411,7,no,0.99,2026-10-04T14:08:26.419720+00:00,no,True,0.01,2026-10-04T18:08:13.900058+00:00
SOL,KXSOLD-26OCT0411-T122.7499,KXSOLD-26OCT0411,6,no,0.98,2026-10-04T14:08:26.419783+00:00,no,True,0.02,2026-10-04T18:08:13.900093+00:00
SOL,KXSOLD-26OCT0411-T122.4999,KXSOLD-26OCT0411,8,no,0.93,2026-10-04T14:08:26.419836+00:00,no,True,0.0699999999999999,2026-10-04T18:08:13.900125+00:00
SOL,KXSOLD-26OCT0411-T121.2499,KXSOLD-26OCT0411,3,yes,0.78,2026-10-04T14:08:26.419962+00:00,yes,True,0.2199999999999999,2026-10-04T18:08:13.900155+00:00
SOL,KXSOLD-26OCT0411-T120.9999,KXSOLD-26OCT0411,5,yes,0.89,2026-10-04T14:08:26.420009+00:00,yes,True,0.1099999999999999,2026-10-04T18:08:13.900187+00:00
SOL,KXSOLD-26OCT0417-T151.9999,KXSOLD-26OCT0417,4,no,0.99,2026-10-03T22:46:32.599756+00:00,no,True,0.01,2026-10-04T21:19:13.233029+00:00
SOL,KXSOLD-26OCT0417-T125.9999,KXSOLD-26OCT0417,5,no,0.9,2026-10-03T22:46:32.599820+00:00,no,True,0.0999999999999999,2026-10-04T21:19:13.233121+00:00
SOL,KXSOLD-26OCT0417-T120.9999,KXSOLD-26OCT0417,3,no,0.7,2026-10-03T22:46:32.599873+00:00,yes,False,-0.7,2026-10-04T21:19:13.233197+00:00
SOL,KXSOLD-26OCT0417-T122.9999,KXSOLD-26OCT0417,5,no,0.82,2026-10-04T08:18:28.645404+00:00,no,True,0.18,2026-10-04T21:19:13.233342+00:00
SOL,KXSOLD-26OCT0417-T121.9999,KXSOLD-26OCT0417,3,no,0.69,2026-10-04T08:18:28.645432+00:00,no,True,0.31,2026-10-04T21:19:13.233409+00:00
SOL,KXSOLD-26OCT0417-T119.9999,KXSOLD-26OCT0417,4,yes,0.7,2026-10-04T08:18:28.645456+00:00,yes,True,0.3,2026-10-04T21:19:13.233495+00:00
SOL,KXSOLD-26OCT0417-T117.9999,KXSOLD-26OCT0417,6,yes,0.85,2026-10-04T08:18:28.645481+00:00,yes,True,0.15,2026-10-04T21:19:13.233571+00:00
HYPE,KXHYPED-26OCT0417-T90.9999,KXHYPED-26OCT0417,5,no,0.83,2026-10-04T14:08:26.375954+00:00,no,True,0.17,2026-10-04T21:19:13.233636+00:00
SOL,KXSOLD-26OCT0417-T123.9999,KXSOLD-26OCT0417,6,no,0.92,2026-10-04T14:08:26.420181+00:00,no,True,0.0799999999999999,2026-10-04T21:19:13.233698+00:00
HYPE,KXHYPED-26OCT0417-T89.9999,KXHYPED-26OCT0417,6,yes,0.65,2026-10-04T18:08:14.008436+00:00,yes,True,0.35,2026-10-04T21:19:13.233876+00:00
HYPE,KXHYPED-26OCT0417-T88.9999,KXHYPED-26OCT0417,5,yes,0.94,2026-10-04T18:08:14.008483+00:00,yes,True,0.06,2026-10-04T21:19:13.233939+00:00
SOL,KXSOLD-26OCT0415-T123.7499,KXSOLD-26OCT0415,6,no,0.98,2026-10-04T18:08:14.095632+00:00,no,True,0.02,2026-10-04T21:19:13.234001+00:00
SOL,KXSOLD-26OCT0415-T123.4999,KXSOLD-26OCT0415,7,no,0.98,2026-10-04T18:08:14.095690+00:00,no,True,0.02,2026-10-04T21:19:13.234069+00:00
SOL,KXSOLD-26OCT0415-T123.2499,KXSOLD-26OCT0415,8,no,0.99,2026-10-04T18:08:14.095719+00:00,no,True,0.01,2026-10-04T21:19:13.234130+00:00
SOL,KXSOLD-26OCT0415-T121.4999,KXSOLD-26OCT0415,3,no,0.71,2026-10-04T18:08:14.095744+00:00,no,True,0.29,2026-10-04T21:19:13.234191+00:00
SOL,KXSOLD-26OCT0415-T120.7499,KXSOLD-26OCT0415,5,yes,0.96,2026-10-04T18:08:14.095791+00:00,yes,True,0.04,2026-10-04T21:19:13.234257+00:00
SOL,KXSOLD-26OCT0415-T118.9999,KXSOLD-26OCT0415,9,yes,0.98,2026-10-04T18:08:14.095816+00:00,yes,True,0.02,2026-10-04T21:19:13.234318+00:00
SOL,KXSOLD-26OCT0417-T118.9999,KXSOLD-26OCT0417,3,yes,0.97,2026-10-04T18:08:14.095910+00:00,yes,True,0.03,2026-10-04T21:19:13.234377+00:00
XRP,KXXRPD-26OCT0417-T1.7799,KXXRPD-26OCT0417,8,no,0.92,2026-10-04T14:08:26.581565+00:00,no,True,0.0799999999999999,2026-10-04T23:59:31.411092+00:00
HYPE,KXHYPED-26OCT0418-T91.7499,KXHYPED-26OCT0418,9,no,0.95,2026-10-04T21:19:13.368054+00:00,no,True,0.05,2026-10-04T23:59:31.411265+00:00
HYPE,KXHYPED-26OCT0418-T91.2499,KXHYPED-26OCT0418,5,no,0.81,2026-10-04T21:19:13.368114+00:00,no,True,0.1899999999999999,2026-10-04T23:59:31.411376+00:00
HYPE,KXHYPED-26OCT0418-T90.7499,KXHYPED-26OCT0418,7,yes,0.72,2026-10-04T21:19:13.368167+00:00,no,False,-0.72,2026-10-04T23:59:31.411446+00:00
HYPE,KXHYPED-26OCT0418-T89.9999,KXHYPED-26OCT0418,6,yes,0.97,2026-10-04T21:19:13.368215+00:00,yes,True,0.03,2026-10-04T23:59:31.411514+00:00
HYPE,KXHYPED-26OCT0418-T89.7499,KXHYPED-26OCT0418,8,yes,0.98,2026-10-04T21:19:13.368263+00:00,yes,True,0.02,2026-10-04T23:59:31.411580+00:00
SOL,KXSOLD-26OCT0418-T122.2499,KXSOLD-26OCT0418,9,no,0.9,2026-10-04T21:19:13.433717+00:00,no,True,0.0999999999999999,2026-10-04T23:59:31.411645+00:00
SOL,KXSOLD-26OCT0418-T121.9999,KXSOLD-26OCT0418,5,no,0.82,2026-10-04T21:19:13.433781+00:00,no,True,0.18,2026-10-04T23:59:31.411709+00:00
SOL,KXSOLD-26OCT0418-T121.7499,KXSOLD-26OCT0418,3,no,0.65,2026-10-04T21:19:13.433833+00:00,no,True,0.35,2026-10-04T23:59:31.411775+00:00
SOL,KXSOLD-26OCT0418-T120.7499,KXSOLD-26OCT0418,6,yes,0.92,2026-10-04T21:19:13.433919+00:00,yes,True,0.0799999999999999,2026-10-04T23:59:31.411838+00:00
SOL,KXSOLD-26OCT0418-T119.7499,KXSOLD-26OCT0418,7,yes,0.98,2026-10-04T21:19:13.433966+00:00,yes,True,0.02,2026-10-04T23:59:31.411902+00:00
SOL,KXSOLD-26OCT0418-T119.2499,KXSOLD-26OCT0418,8,yes,0.98,2026-10-04T21:19:13.434013+00:00,yes,True,0.02,2026-10-04T23:59:31.411967+00:00
HYPE,KXHYPED-26OCT0420-T91.7499,KXHYPED-26OCT0420,9,no,0.99,2026-10-04T23:59:31.477732+00:00,no,True,0.01,2026-10-05T04:57:18.352579+00:00
HYPE,KXHYPED-26OCT0420-T91.4999,KXHYPED-26OCT0420,7,no,0.99,2026-10-04T23:59:31.477799+00:00,no,True,0.01,2026-10-05T04:57:18.352693+00:00
HYPE,KXHYPED-26OCT0420-T91.2499,KXHYPED-26OCT0420,8,no,0.99,2026-10-04T23:59:31.477853+00:00,no,True,0.01,2026-10-05T04:57:18.352768+00:00
HYPE,KXHYPED-26OCT0420-T90.9999,KXHYPED-26OCT0420,5,no,0.98,2026-10-04T23:59:31.477905+00:00,no,True,0.02,2026-10-05T04:57:18.352834+00:00
HYPE,KXHYPED-26OCT0420-T89.7499,KXHYPED-26OCT0420,6,yes,0.99,2026-10-04T23:59:31.477957+00:00,yes,True,0.01,2026-10-05T04:57:18.352896+00:00
HYPE,KXHYPED-26OCT0420-T89.2499,KXHYPED-26OCT0420,10,yes,0.99,2026-10-04T23:59:31.478006+00:00,yes,True,0.01,2026-10-05T04:57:18.352956+00:00
SOL,KXSOLD-26OCT0420-T124.4999,KXSOLD-26OCT0420,9,no,0.99,2026-10-04T23:59:31.530108+00:00,no,True,0.01,2026-10-05T04:57:18.353333+00:00
SOL,KXSOLD-26OCT0420-T122.7499,KXSOLD-26OCT0420,8,no,0.99,2026-10-04T23:59:31.530158+00:00,no,True,0.01,2026-10-05T04:57:18.353396+00:00
SOL,KXSOLD-26OCT0420-T122.4999,KXSOLD-26OCT0420,7,no,0.99,2026-10-04T23:59:31.530206+00:00,no,True,0.01,2026-10-05T04:57:18.353456+00:00
SOL,KXSOLD-26OCT0420-T122.2499,KXSOLD-26OCT0420,5,no,0.99,2026-10-04T23:59:31.530253+00:00,no,True,0.01,2026-10-05T04:57:18.353516+00:00
SOL,KXSOLD-26OCT0420-T121.9999,KXSOLD-26OCT0420,4,no,0.97,2026-10-04T23:59:31.530333+00:00,no,True,0.03,2026-10-05T04:57:18.353575+00:00
SOL,KXSOLD-26OCT0420-T121.2499,KXSOLD-26OCT0420,3,yes,0.99,2026-10-04T23:59:31.530387+00:00,yes,True,0.01,2026-10-05T04:57:18.353632+00:00
SOL,KXSOLD-26OCT0420-T120.9999,KXSOLD-26OCT0420,6,yes,0.99,2026-10-04T23:59:31.530435+00:00,yes,True,0.01,2026-10-05T04:57:18.353698+00:00
HYPE,KXHYPED-26OCT0501-T91.7499,KXHYPED-26OCT0501,7,no,0.99,2026-10-05T04:57:18.482985+00:00,no,True,0.01,2026-10-05T12:03:00.883053+00:00
HYPE,KXHYPED-26OCT0501-T91.4999,KXHYPED-26OCT0501,8,no,0.99,2026-10-05T04:57:18.483048+00:00,no,True,0.01,2026-10-05T12:03:00.883133+00:00
HYPE,KXHYPED-26OCT0501-T90.9999,KXHYPED-26OCT0501,6,no,0.87,2026-10-05T04:57:18.483101+00:00,no,True,0.13,2026-10-05T12:03:00.883198+00:00
HYPE,KXHYPED-26OCT0501-T90.4999,KXHYPED-26OCT0501,5,yes,0.97,2026-10-05T04:57:18.483175+00:00,yes,True,0.03,2026-10-05T12:03:00.883263+00:00
HYPE,KXHYPED-26OCT0501-T89.7499,KXHYPED-26OCT0501,10,yes,0.98,2026-10-05T04:57:18.483229+00:00,yes,True,0.02,2026-10-05T12:03:00.883334+00:00
HYPE,KXHYPED-26OCT0501-T89.4999,KXHYPED-26OCT0501,9,yes,0.98,2026-10-05T04:57:18.483277+00:00,yes,True,0.02,2026-10-05T12:03:00.883435+00:00
SOL,KXSOLD-26OCT0501-T121.2499,KXSOLD-26OCT0501,7,no,0.96,2026-10-05T04:57:18.528636+00:00,no,True,0.04,2026-10-05T12:03:00.883500+00:00
SOL,KXSOLD-26OCT0501-T120.9999,KXSOLD-26OCT0501,5,no,0.96,2026-10-05T04:57:18.528696+00:00,no,True,0.04,2026-10-05T12:03:00.883562+00:00
SOL,KXSOLD-26OCT0501-T120.7499,KXSOLD-26OCT0501,3,no,0.9,2026-10-05T04:57:18.528747+00:00,no,True,0.0999999999999999,2026-10-05T12:03:00.883621+00:00
SOL,KXSOLD-26OCT0501-T119.9999,KXSOLD-26OCT0501,4,yes,0.97,2026-10-05T04:57:18.528794+00:00,yes,True,0.03,2026-10-05T12:03:00.883683+00:00
SOL,KXSOLD-26OCT0501-T119.7499,KXSOLD-26OCT0501,6,yes,0.98,2026-10-05T04:57:18.528840+00:00,yes,True,0.02,2026-10-05T12:03:00.883743+00:00
SOL,KXSOLD-26OCT0517-T127.9999,KXSOLD-26OCT0517,6,no,0.91,2026-10-04T23:59:31.529755+00:00,no,True,0.0899999999999999,2026-10-06T01:23:59.760265+00:00
SOL,KXSOLD-26OCT0517-T126.9999,KXSOLD-26OCT0517,4,no,0.89,2026-10-04T23:59:31.529822+00:00,no,True,0.1099999999999999,2026-10-06T01:23:59.760314+00:00
SOL,KXSOLD-26OCT0517-T125.9999,KXSOLD-26OCT0517,7,no,0.87,2026-10-04T23:59:31.529876+00:00,no,True,0.13,2026-10-06T01:23:59.760342+00:00
SOL,KXSOLD-26OCT0517-T124.9999,KXSOLD-26OCT0517,9,no,0.81,2026-10-04T23:59:31.529928+00:00,no,True,0.1899999999999999,2026-10-06T01:23:59.760366+00:00
SOL,KXSOLD-26OCT0517-T123.9999,KXSOLD-26OCT0517,3,no,0.76,2026-10-04T23:59:31.529976+00:00,no,True,0.24,2026-10-06T01:23:59.760390+00:00
SOL,KXSOLD-26OCT0517-T122.9999,KXSOLD-26OCT0517,8,no,0.65,2026-10-04T23:59:31.530024+00:00,no,True,0.35,2026-10-06T01:23:59.760413+00:00
SOL,KXSOLD-26OCT0517-T128.9999,KXSOLD-26OCT0517,5,no,0.95,2026-10-05T04:57:18.528886+00:00,no,True,0.05,2026-10-06T01:23:59.760493+00:00
SOL,KXSOLD-26OCT0517-T117.9999,KXSOLD-26OCT0517,4,yes,0.8,2026-10-05T04:57:18.529086+00:00,yes,True,0.1999999999999999,2026-10-06T01:23:59.760521+00:00
XRP,KXXRPD-26OCT0517-T1.4799,KXXRPD-26OCT0517,8,yes,0.71,2026-10-05T04:57:18.690391+00:00,yes,True,0.29,2026-10-06T01:23:59.760543+00:00
SOL,KXSOLD-26OCT0517-T121.9999,KXSOLD-26OCT0517,9,no,0.75,2026-10-05T12:03:00.972955+00:00,no,True,0.25,2026-10-06T01:23:59.760584+00:00
SOL,KXSOLD-26OCT0517-T119.9999,KXSOLD-26OCT0517,8,yes,0.63,2026-10-05T12:03:00.973050+00:00,yes,True,0.37,2026-10-06T01:23:59.760607+00:00
XRP,KXXRPD-26OCT0517-T1.7799,KXXRPD-26OCT0517,8,no,0.95,2026-10-05T12:03:01.058625+00:00,no,True,0.05,2026-10-06T01:23:59.760628+00:00
SOL,KXSOLD-26OCT0522-T121.7499,KXSOLD-26OCT0522,6,no,0.94,2026-10-06T01:23:59.879743+00:00,no,True,0.06,2026-10-06T07:43:23.604682+00:00
SOL,KXSOLD-26OCT0522-T121.2499,KXSOLD-26OCT0522,4,no,0.73,2026-10-06T01:23:59.879761+00:00,no,True,0.27,2026-10-06T07:43:23.604769+00:00
SOL,KXSOLD-26OCT0522-T120.4999,KXSOLD-26OCT0522,5,yes,0.9,2026-10-06T01:23:59.879790+00:00,yes,True,0.0999999999999999,2026-10-06T07:43:23.604835+00:00
SOL,KXSOLD-26OCT0604-T119.7499,KXSOLD-26OCT0604,5,yes,0.94,2026-10-06T07:43:23.763881+00:00,yes,True,0.06,2026-10-06T14:29:06.825845+00:00
SOL,KXSOLD-26OCT0604-T119.4999,KXSOLD-26OCT0604,3,yes,0.95,2026-10-06T07:43:23.763954+00:00,yes,True,0.05,2026-10-06T14:29:06.825894+00:00
SOL,KXSOLD-26OCT0604-T119.2499,KXSOLD-26OCT0604,4,yes,0.95,2026-10-06T07:43:23.764006+00:00,yes,True,0.05,2026-10-06T14:29:06.825918+00:00
SOL,KXSOLD-26OCT0611-T120.7499,KXSOLD-26OCT0611,5,yes,0.7,2026-10-06T14:29:06.999756+00:00,yes,True,0.3,2026-10-06T19:44:40.331451+00:00
SOL,KXSOLD-26OCT0611-T120.4999,KXSOLD-26OCT0611,3,yes,0.79,2026-10-06T14:29:06.999791+00:00,yes,True,0.2099999999999999,2026-10-06T19:44:40.331530+00:00
SOL,KXSOLD-26OCT0611-T120.2499,KXSOLD-26OCT0611,6,yes,0.9,2026-10-06T14:29:06.999812+00:00,yes,True,0.0999999999999999,2026-10-06T19:44:40.331594+00:00
SOL,KXSOLD-26OCT0611-T119.9999,KXSOLD-26OCT0611,7,yes,0.94,2026-10-06T14:29:06.999835+00:00,yes,True,0.06,2026-10-06T19:44:40.331655+00:00
SOL,KXSOLD-26OCT0611-T119.7499,KXSOLD-26OCT0611,8,yes,0.9,2026-10-06T14:29:06.999855+00:00,yes,True,0.0999999999999999,2026-10-06T19:44:40.331715+00:00
SOL,KXSOLD-26OCT0617-T125.9999,KXSOLD-26OCT0617,6,no,0.89,2026-10-06T01:23:59.879600+00:00,no,True,0.1099999999999999,2026-10-06T23:18:10.574550+00:00
SOL,KXSOLD-26OCT0617-T124.9999,KXSOLD-26OCT0617,7,no,0.84,2026-10-06T01:23:59.879636+00:00,no,True,0.16,2026-10-06T23:18:10.574620+00:00
SOL,KXSOLD-26OCT0617-T123.9999,KXSOLD-26OCT0617,8,no,0.78,2026-10-06T01:23:59.879658+00:00,no,True,0.2199999999999999,2026-10-06T23:18:10.574672+00:00
SOL,KXSOLD-26OCT0617-T122.9999,KXSOLD-26OCT0617,4,no,0.73,2026-10-06T01:23:59.879678+00:00,no,True,0.27,2026-10-06T23:18:10.574733+00:00
SOL,KXSOLD-26OCT0617-T121.9999,KXSOLD-26OCT0617,5,no,0.6,2026-10-06T01:23:59.879695+00:00,no,True,0.4,2026-10-06T23:18:10.574783+00:00
SOL,KXSOLD-26OCT0617-T126.9999,KXSOLD-26OCT0617,5,no,0.96,2026-10-06T07:43:23.764056+00:00,no,True,0.04,2026-10-06T23:18:10.575027+00:00
SOL,KXSOLD-26OCT0617-T120.9999,KXSOLD-26OCT0617,4,no,0.62,2026-10-06T07:43:23.764214+00:00,yes,False,-0.62,2026-10-06T23:18:10.575075+00:00
SOL,KXSOLD-26OCT0617-T118.9999,KXSOLD-26OCT0617,8,yes,0.65,2026-10-06T07:43:23.764263+00:00,yes,True,0.35,2026-10-06T23:18:10.575122+00:00
SOL,KXSOLD-26OCT0617-T117.9999,KXSOLD-26OCT0617,3,yes,0.81,2026-10-06T07:43:23.764334+00:00,yes,True,0.1899999999999999,2026-10-06T23:18:10.575170+00:00
HYPE,KXHYPED-26OCT0617-T94.9999,KXHYPED-26OCT0617,5,no,0.91,2026-10-06T14:29:06.925403+00:00,no,True,0.0899999999999999,2026-10-06T23:18:10.575257+00:00
SOL,KXSOLD-26OCT0617-T119.9999,KXSOLD-26OCT0617,3,yes,0.73,2026-10-06T14:29:06.999933+00:00,yes,True,0.27,2026-10-06T23:18:10.575305+00:00
HYPE,KXHYPED-26OCT0616-T91.9999,KXHYPED-26OCT0616,5,no,0.89,2026-10-06T19:44:40.463362+00:00,yes,False,-0.89,2026-10-06T23:18:10.575394+00:00
SOL,KXSOLD-26OCT0616-T125.4999,KXSOLD-26OCT0616,9,no,0.99,2026-10-06T19:44:40.532680+00:00,no,True,0.01,2026-10-06T23:18:10.575441+00:00
SOL,KXSOLD-26OCT0616-T125.2499,KXSOLD-26OCT0616,8,no,0.99,2026-10-06T19:44:40.532741+00:00,no,True,0.01,2026-10-06T23:18:10.575488+00:00
SOL,KXSOLD-26OCT0616-T121.4999,KXSOLD-26OCT0616,5,no,0.96,2026-10-06T19:44:40.532792+00:00,no,True,0.04,2026-10-06T23:18:10.575535+00:00
SOL,KXSOLD-26OCT0616-T121.2499,KXSOLD-26OCT0616,6,no,0.96,2026-10-06T19:44:40.532846+00:00,no,True,0.04,2026-10-06T23:18:10.575586+00:00
SOL,KXSOLD-26OCT0616-T120.9999,KXSOLD-26OCT0616,3,no,0.96,2026-10-06T19:44:40.532896+00:00,no,True,0.04,2026-10-06T23:18:10.575634+00:00
SOL,KXSOLD-26OCT0616-T120.7499,KXSOLD-26OCT0616,4,no,0.81,2026-10-06T19:44:40.532945+00:00,yes,False,-0.81,2026-10-06T23:18:10.575681+00:00
SOL,KXSOLD-26OCT0616-T119.9999,KXSOLD-26OCT0616,7,yes,0.96,2026-10-06T19:44:40.533022+00:00,yes,True,0.04,2026-10-06T23:18:10.575765+00:00
SOL,KXSOLD-26OCT0617-T116.9999,KXSOLD-26OCT0617,4,yes,0.95,2026-10-06T19:44:40.533268+00:00,yes,True,0.05,2026-10-06T23:18:10.575824+00:00
XRP,KXXRPD-26OCT0617-T1.8799,KXXRPD-26OCT0617,8,no,0.99,2026-10-06T19:44:40.667963+00:00,no,True,0.01,2026-10-06T23:18:10.575873+00:00
XRP,KXXRPD-26OCT0617-T1.4399,KXXRPD-26OCT0617,9,yes,0.92,2026-10-06T19:44:40.668058+00:00,yes,True,0.0799999999999999,2026-10-06T23:18:10.575921+00:00
DOGE,KXDOGED-26OCT0616-T0.0799999,KXDOGED-26OCT0616,6,yes,0.95,2026-10-06T19:44:40.709947+00:00,yes,True,0.05,2026-10-06T23:18:10.576047+00:00
DOGE,KXDOGED-26OCT0616-T0.0049999,KXDOGED-26OCT0616,5,yes,0.99,2026-10-06T19:44:40.710039+00:00,yes,True,0.01,2026-10-06T23:18:10.576095+00:00
SOL,KXSOLD-26OCT0620-T121.4999,KXSOLD-26OCT0620,6,no,0.95,2026-10-06T23:18:10.775477+00:00,no,True,0.05,2026-10-07T02:27:56.049581+00:00
SOL,KXSOLD-26OCT0620-T121.2499,KXSOLD-26OCT0620,4,no,0.94,2026-10-06T23:18:10.775521+00:00,no,True,0.06,2026-10-07T02:27:56.049667+00:00
SOL,KXSOLD-26OCT0620-T120.2499,KXSOLD-26OCT0620,5,yes,0.81,2026-10-06T23:18:10.775594+00:00,yes,True,0.1899999999999999,2026-10-07T02:27:56.049732+00:00
HYPE,KXHYPED-26OCT0623-T89.2499,KXHYPED-26OCT0623,6,yes,0.88,2026-10-07T02:27:56.117558+00:00,yes,True,0.12,2026-10-07T09:05:00.793616+00:00
SOL,KXSOLD-26OCT0623-T119.4999,KXSOLD-26OCT0623,5,no,0.94,2026-10-07T02:27:56.180847+00:00,no,True,0.06,2026-10-07T09:05:00.793819+00:00
SOL,KXSOLD-26OCT0623-T119.2499,KXSOLD-26OCT0623,9,no,0.96,2026-10-07T02:27:56.180922+00:00,no,True,0.04,2026-10-07T09:05:00.793853+00:00
SOL,KXSOLD-26OCT0623-T118.9999,KXSOLD-26OCT0623,7,no,0.94,2026-10-07T02:27:56.180976+00:00,no,True,0.06,2026-10-07T09:05:00.793884+00:00
SOL,KXSOLD-26OCT0623-T118.4999,KXSOLD-26OCT0623,3,no,0.85,2026-10-07T02:27:56.181035+00:00,no,True,0.15,2026-10-07T09:05:00.793914+00:00
SOL,KXSOLD-26OCT0623-T117.2499,KXSOLD-26OCT0623,6,yes,0.73,2026-10-07T02:27:56.181115+00:00,yes,True,0.27,2026-10-07T09:05:00.793943+00:00
SOL,KXSOLD-26OCT0623-T116.7499,KXSOLD-26OCT0623,8,yes,0.88,2026-10-07T02:27:56.181159+00:00,yes,True,0.12,2026-10-07T09:05:00.793972+00:00
SOL,KXSOLD-26OCT0717-T126.9999,KXSOLD-26OCT0717,6,no,0.92,2026-10-06T23:18:10.775273+00:00,no,True,0.0799999999999999,2026-10-07T21:23:37.255688+00:00
SOL,KXSOLD-26OCT0717-T124.9999,KXSOLD-26OCT0717,3,no,0.87,2026-10-06T23:18:10.775330+00:00,no,True,0.13,2026-10-07T21:23:37.255775+00:00
SOL,KXSOLD-26OCT0717-T123.9999,KXSOLD-26OCT0717,4,no,0.82,2026-10-06T23:18:10.775373+00:00,no,True,0.18,2026-10-07T21:23:37.255836+00:00
SOL,KXSOLD-26OCT0717-T121.9999,KXSOLD-26OCT0717,6,no,0.87,2026-10-07T02:27:56.180632+00:00,no,True,0.13,2026-10-07T21:23:37.256002+00:00
SOL,KXSOLD-26OCT0717-T120.9999,KXSOLD-26OCT0717,8,no,0.87,2026-10-07T02:27:56.180703+00:00,no,True,0.13,2026-10-07T21:23:37.256066+00:00
SOL,KXSOLD-26OCT0717-T119.9999,KXSOLD-26OCT0717,5,no,0.78,2026-10-07T02:27:56.180754+00:00,no,True,0.2199999999999999,2026-10-07T21:23:37.256128+00:00
SOL,KXSOLD-26OCT0717-T118.9999,KXSOLD-26OCT0717,3,no,0.66,2026-10-07T02:27:56.180800+00:00,no,True,0.3399999999999999,2026-10-07T21:23:37.256189+00:00
HYPE,KXHYPED-26OCT0717-T93.9999,KXHYPED-26OCT0717,5,no,0.94,2026-10-07T09:05:00.873117+00:00,no,True,0.06,2026-10-07T21:23:37.256343+00:00
HYPE,KXHYPED-26OCT0717-T87.9999,KXHYPED-26OCT0717,6,yes,0.89,2026-10-07T09:05:00.873165+00:00,yes,True,0.1099999999999999,2026-10-07T21:23:37.256402+00:00
HYPE,KXHYPED-26OCT0713-T88.9999,KXHYPED-26OCT0713,5,no,0.78,2026-10-07T16:22:33.958773+00:00,no,True,0.2199999999999999,2026-10-07T21:23:37.256462+00:00
HYPE,KXHYPED-26OCT0717-T89.9999,KXHYPED-26OCT0717,8,no,0.81,2026-10-07T16:22:33.958887+00:00,no,True,0.1899999999999999,2026-10-07T21:23:37.256520+00:00
SOL,KXSOLD-26OCT0713-T126.2499,KXSOLD-26OCT0713,6,no,0.99,2026-10-07T16:22:34.018350+00:00,no,True,0.01,2026-10-07T21:23:37.256579+00:00
SOL,KXSOLD-26OCT0713-T122.2499,KXSOLD-26OCT0713,7,no,0.99,2026-10-07T16:22:34.018450+00:00,no,True,0.01,2026-10-07T21:23:37.256637+00:00
SOL,KXSOLD-26OCT0713-T117.4999,KXSOLD-26OCT0713,3,no,0.82,2026-10-07T16:22:34.018498+00:00,no,True,0.18,2026-10-07T21:23:37.256696+00:00
SOL,KXSOLD-26OCT0713-T116.4999,KXSOLD-26OCT0713,9,yes,0.86,2026-10-07T16:22:34.018562+00:00,yes,True,0.14,2026-10-07T21:23:37.256754+00:00
SOL,KXSOLD-26OCT0713-T116.2499,KXSOLD-26OCT0713,5,yes,0.93,2026-10-07T16:22:34.018593+00:00,yes,True,0.0699999999999999,2026-10-07T21:23:37.256823+00:00
SOL,KXSOLD-26OCT0713-T115.9999,KXSOLD-26OCT0713,8,yes,0.94,2026-10-07T16:22:34.018624+00:00,yes,True,0.06,2026-10-07T21:23:37.256894+00:00
SOL,KXSOLD-26OCT0717-T115.9999,KXSOLD-26OCT0717,5,yes,0.79,2026-10-07T16:22:34.018771+00:00,yes,True,0.2099999999999999,2026-10-07T21:23:37.256957+00:00
XRP,KXXRPD-26OCT0717-T1.8799,KXXRPD-26OCT0717,9,no,0.99,2026-10-07T02:27:56.301030+00:00,no,True,0.01,2026-10-08T01:07:00.961535+00:00
XRP,KXXRPD-26OCT0717-T1.4799,KXXRPD-26OCT0717,8,no,0.77,2026-10-07T02:27:56.301092+00:00,no,True,0.2299999999999999,2026-10-08T01:07:00.961614+00:00
XRP,KXXRPD-26OCT0717-T1.4599,KXXRPD-26OCT0717,8,no,0.87,2026-10-07T16:22:34.122630+00:00,no,True,0.13,2026-10-08T01:07:00.961678+00:00
XRP,KXXRPD-26OCT0717-T1.3999,KXXRPD-26OCT0717,9,yes,0.93,2026-10-07T16:22:34.122679+00:00,yes,True,0.0699999999999999,2026-10-08T01:07:00.961741+00:00
XRP,KXXRPD-26OCT0717-T1.3599,KXXRPD-26OCT0717,11,yes,0.94,2026-10-07T16:22:34.122715+00:00,yes,True,0.06,2026-10-08T01:07:00.961803+00:00
XRP,KXXRPD-26OCT0717-T1.3399,KXXRPD-26OCT0717,10,yes,0.95,2026-10-07T16:22:34.122748+00:00,yes,True,0.05,2026-10-08T01:07:00.961865+00:00
SOL,KXSOLD-26OCT0718-T116.4999,KXSOLD-26OCT0718,4,no,0.94,2026-10-07T21:23:37.503948+00:00,no,True,0.06,2026-10-08T01:07:00.961978+00:00
SOL,KXSOLD-26OCT0718-T115.4999,KXSOLD-26OCT0718,5,yes,0.96,2026-10-07T21:23:37.504026+00:00,no,False,-0.96,2026-10-08T01:07:00.962039+00:00
SOL,KXSOLD-26OCT0722-T116.9999,KXSOLD-26OCT0722,4,no,0.75,2026-10-08T01:07:01.059937+00:00,no,True,0.25,2026-10-08T07:17:21.800330+00:00
SOL,KXSOLD-26OCT0722-T116.2499,KXSOLD-26OCT0722,3,yes,0.82,2026-10-08T01:07:01.060023+00:00,no,False,-0.82,2026-10-08T07:17:21.800400+00:00
SOL,KXSOLD-26OCT0722-T115.9999,KXSOLD-26OCT0722,5,yes,0.9,2026-10-08T01:07:01.060071+00:00,yes,True,0.0999999999999999,2026-10-08T07:17:21.800460+00:00
SOL,KXSOLD-26OCT0722-T115.7499,KXSOLD-26OCT0722,6,yes,0.94,2026-10-08T01:07:01.060117+00:00,yes,True,0.06,2026-10-08T07:17:21.800504+00:00
HYPE,KXHYPED-26OCT0811-T86.7499,KXHYPED-26OCT0811,5,no,0.9,2026-10-08T14:38:54.380705+00:00,no,True,0.0999999999999999,2026-10-08T20:07:17.215896+00:00
HYPE,KXHYPED-26OCT0811-T86.2499,KXHYPED-26OCT0811,8,no,0.73,2026-10-08T14:38:54.380751+00:00,no,True,0.27,2026-10-08T20:07:17.215987+00:00
HYPE,KXHYPED-26OCT0811-T85.4999,KXHYPED-26OCT0811,6,yes,0.85,2026-10-08T14:38:54.380780+00:00,yes,True,0.15,2026-10-08T20:07:17.216055+00:00
HYPE,KXHYPED-26OCT0811-T84.9999,KXHYPED-26OCT0811,7,yes,0.95,2026-10-08T14:38:54.380807+00:00,yes,True,0.05,2026-10-08T20:07:17.216118+00:00
HYPE,KXHYPED-26OCT0811-T84.4999,KXHYPED-26OCT0811,9,yes,0.94,2026-10-08T14:38:54.380831+00:00,yes,True,0.06,2026-10-08T20:07:17.216179+00:00
SOL,KXSOLD-26OCT0811-T113.2499,KXSOLD-26OCT0811,8,no,0.94,2026-10-08T14:38:54.424843+00:00,no,True,0.06,2026-10-08T20:07:17.216241+00:00
SOL,KXSOLD-26OCT0811-T112.9999,KXSOLD-26OCT0811,6,no,0.91,2026-10-08T14:38:54.424887+00:00,no,True,0.0899999999999999,2026-10-08T20:07:17.216303+00:00
SOL,KXSOLD-26OCT0811-T112.4999,KXSOLD-26OCT0811,3,no,0.65,2026-10-08T14:38:54.424917+00:00,no,True,0.35,2026-10-08T20:07:17.216365+00:00
SOL,KXSOLD-26OCT0811-T111.9999,KXSOLD-26OCT0811,7,yes,0.71,2026-10-08T14:38:54.424944+00:00,yes,True,0.29,2026-10-08T20:07:17.216427+00:00
SOL,KXSOLD-26OCT0811-T111.7499,KXSOLD-26OCT0811,4,yes,0.86,2026-10-08T14:38:54.424969+00:00,yes,True,0.14,2026-10-08T20:07:17.216490+00:00
SOL,KXSOLD-26OCT0811-T111.4999,KXSOLD-26OCT0811,5,yes,0.94,2026-10-08T14:38:54.424995+00:00,yes,True,0.06,2026-10-08T20:07:17.216579+00:00
SOL,KXSOLD-26OCT0811-T111.2499,KXSOLD-26OCT0811,9,yes,0.79,2026-10-08T14:38:54.425019+00:00,yes,True,0.2099999999999999,2026-10-08T20:07:17.216650+00:00
SOL,KXSOLD-26OCT0817-T114.9999,KXSOLD-26OCT0817,3,yes,0.61,2026-10-07T21:23:37.503861+00:00,no,False,-0.61,2026-10-09T00:18:24.122242+00:00
SOL,KXSOLD-26OCT0817-T99.9999,KXSOLD-26OCT0817,5,yes,0.98,2026-10-08T01:07:01.059745+00:00,yes,True,0.02,2026-10-09T00:18:24.122404+00:00
SOL,KXSOLD-26OCT0817-T118.9999,KXSOLD-26OCT0817,6,no,0.76,2026-10-08T01:07:01.059809+00:00,no,True,0.24,2026-10-09T00:18:24.122471+00:00
XRP,KXXRPD-26OCT0817-T1.5199,KXXRPD-26OCT0817,8,no,0.94,2026-10-08T01:07:01.259516+00:00,no,True,0.06,2026-10-09T00:18:24.122586+00:00
XRP,KXXRPD-26OCT0817-T1.7799,KXXRPD-26OCT0817,8,no,0.99,2026-10-08T07:17:22.098598+00:00,no,True,0.01,2026-10-09T00:18:24.122651+00:00
SOL,KXSOLD-26OCT0817-T117.9999,KXSOLD-26OCT0817,8,no,0.94,2026-10-08T14:38:54.425077+00:00,no,True,0.06,2026-10-09T00:18:24.122714+00:00
SOL,KXSOLD-26OCT0817-T116.9999,KXSOLD-26OCT0817,3,no,0.93,2026-10-08T14:38:54.425103+00:00,no,True,0.0699999999999999,2026-10-09T00:18:24.122774+00:00
SOL,KXSOLD-26OCT0817-T115.9999,KXSOLD-26OCT0817,4,no,0.9,2026-10-08T14:38:54.425127+00:00,no,True,0.0999999999999999,2026-10-09T00:18:24.122833+00:00
SOL,KXSOLD-26OCT0817-T109.9999,KXSOLD-26OCT0817,6,yes,0.86,2026-10-08T14:38:54.425183+00:00,no,False,-0.86,2026-10-09T00:18:24.122893+00:00
XRP,KXXRPD-26OCT0817-T1.4799,KXXRPD-26OCT0817,8,no,0.93,2026-10-08T14:38:54.506365+00:00,no,True,0.0699999999999999,2026-10-09T00:18:24.123000+00:00
HYPE,KXHYPED-26OCT0817-T84.9999,KXHYPED-26OCT0817,6,no,0.81,2026-10-08T20:07:17.344555+00:00,no,True,0.1899999999999999,2026-10-09T00:18:24.123154+00:00
HYPE,KXHYPED-26OCT0817-T82.9999,KXHYPED-26OCT0817,8,yes,0.94,2026-10-08T20:07:17.344628+00:00,yes,True,0.06,2026-10-09T00:18:24.123214+00:00
HYPE,KXHYPED-26OCT0817-T80.9999,KXHYPED-26OCT0817,5,yes,0.62,2026-10-08T20:07:17.344684+00:00,yes,True,0.38,2026-10-09T00:18:24.123274+00:00
SOL,KXSOLD-26OCT0817-T113.9999,KXSOLD-26OCT0817,4,no,0.99,2026-10-08T20:07:17.441807+00:00,no,True,0.01,2026-10-09T00:18:24.123368+00:00
SOL,KXSOLD-26OCT0817-T106.9999,KXSOLD-26OCT0817,7,yes,0.81,2026-10-08T20:07:17.441909+00:00,yes,True,0.1899999999999999,2026-10-09T00:18:24.123452+00:00
SOL,KXSOLD-26OCT0817-T105.9999,KXSOLD-26OCT0817,6,yes,0.76,2026-10-08T20:07:17.441958+00:00,yes,True,0.24,2026-10-09T00:18:24.123513+00:00
XRP,KXXRPD-26OCT0817-T1.3199,KXXRPD-26OCT0817,11,yes,0.98,2026-10-08T20:07:17.659168+00:00,yes,True,0.02,2026-10-09T00:18:24.123718+00:00
XRP,KXXRPD-26OCT0817-T1.2799,KXXRPD-26OCT0817,13,yes,0.99,2026-10-08T20:07:17.659229+00:00,yes,True,0.01,2026-10-09T00:18:24.123778+00:00
XRP,KXXRPD-26OCT0817-T1.2599,KXXRPD-26OCT0817,14,yes,0.92,2026-10-08T20:07:17.659277+00:00,yes,True,0.0799999999999999,2026-10-09T00:18:24.123836+00:00
SOL,KXSOLD-26OCT0821-T110.2499,KXSOLD-26OCT0821,6,no,0.94,2026-10-09T00:18:24.844487+00:00,no,True,0.06,2026-10-09T06:19:15.357915+00:00
SOL,KXSOLD-26OCT0821-T109.9999,KXSOLD-26OCT0821,3,no,0.91,2026-10-09T00:18:24.844552+00:00,no,True,0.0899999999999999,2026-10-09T06:19:15.358013+00:00
SOL,KXSOLD-26OCT0821-T109.7499,KXSOLD-26OCT0821,4,no,0.82,2026-10-09T00:18:24.844603+00:00,no,True,0.18,2026-10-09T06:19:15.358079+00:00
SOL,KXSOLD-26OCT0821-T109.4999,KXSOLD-26OCT0821,8,no,0.7,2026-10-09T00:18:24.844651+00:00,no,True,0.3,2026-10-09T06:19:15.358142+00:00
SOL,KXSOLD-26OCT0821-T108.4999,KXSOLD-26OCT0821,7,yes,0.85,2026-10-09T00:18:24.844732+00:00,yes,True,0.15,2026-10-09T06:19:15.358206+00:00
SOL,KXSOLD-26OCT0903-T110.2499,KXSOLD-26OCT0903,3,yes,0.72,2026-10-09T06:19:15.477512+00:00,yes,True,0.28,2026-10-09T13:27:41.549372+00:00
SOL,KXSOLD-26OCT0903-T109.4999,KXSOLD-26OCT0903,5,yes,0.96,2026-10-09T06:19:15.477576+00:00,yes,True,0.04,2026-10-09T13:27:41.549453+00:00
HYPE,KXHYPED-26OCT0910-T86.7499,KXHYPED-26OCT0910,9,no,0.91,2026-10-09T13:27:41.600553+00:00,no,True,0.0899999999999999,2026-10-09T18:55:17.707795+00:00
HYPE,KXHYPED-26OCT0910-T86.4999,KXHYPED-26OCT0910,7,no,0.9,2026-10-09T13:27:41.600624+00:00,no,True,0.0999999999999999,2026-10-09T18:55:17.707856+00:00
HYPE,KXHYPED-26OCT0910-T86.2499,KXHYPED-26OCT0910,5,no,0.9,2026-10-09T13:27:41.600689+00:00,no,True,0.0999999999999999,2026-10-09T18:55:17.707898+00:00
HYPE,KXHYPED-26OCT0910-T84.7499,KXHYPED-26OCT0910,6,yes,0.84,2026-10-09T13:27:41.600774+00:00,yes,True,0.16,2026-10-09T18:55:17.707937+00:00
SOL,KXSOLD-26OCT0910-T111.2499,KXSOLD-26OCT0910,8,no,0.87,2026-10-09T13:27:41.667615+00:00,no,True,0.13,2026-10-09T18:55:17.708004+00:00
SOL,KXSOLD-26OCT0910-T110.9999,KXSOLD-26OCT0910,5,no,0.86,2026-10-09T13:27:41.667675+00:00,no,True,0.14,2026-10-09T18:55:17.708040+00:00
SOL,KXSOLD-26OCT0910-T110.7499,KXSOLD-26OCT0910,3,no,0.82,2026-10-09T13:27:41.667726+00:00,no,True,0.18,2026-10-09T18:55:17.708091+00:00
SOL,KXSOLD-26OCT0910-T110.4999,KXSOLD-26OCT0910,4,no,0.71,2026-10-09T13:27:41.667774+00:00,no,True,0.29,2026-10-09T18:55:17.708132+00:00
SOL,KXSOLD-26OCT0910-T109.4999,KXSOLD-26OCT0910,6,yes,0.81,2026-10-09T13:27:41.667856+00:00,yes,True,0.1899999999999999,2026-10-09T18:55:17.708172+00:00
SOL,KXSOLD-26OCT0910-T109.2499,KXSOLD-26OCT0910,7,yes,0.83,2026-10-09T13:27:41.667904+00:00,yes,True,0.17,2026-10-09T18:55:17.708210+00:00
SOL,KXSOLD-26OCT0917-T129.9999,KXSOLD-26OCT0917,3,no,0.83,2026-10-02T23:18:52.154545+00:00,no,True,0.17000000000000004,2026-10-09T22:59:26.361221+00:00
SOL,KXSOLD-26OCT0917-T126.9999,KXSOLD-26OCT0917,6,no,0.76,2026-10-03T02:05:40.557569+00:00,no,True,0.24,2026-10-09T22:59:26.361329+00:00
SOL,KXSOLD-26OCT0917-T113.9999,KXSOLD-26OCT0917,5,yes,0.71,2026-10-03T02:05:40.557686+00:00,no,False,-0.71,2026-10-09T22:59:26.361422+00:00
SOL,KXSOLD-26OCT0917-T134.9999,KXSOLD-26OCT0917,6,no,0.91,2026-10-03T19:59:26.401983+00:00,no,True,0.08999999999999997,2026-10-09T22:59:26.361499+00:00
SOL,KXSOLD-26OCT0917-T133.9999,KXSOLD-26OCT0917,3,no,0.88,2026-10-03T22:46:32.600165+00:00,no,True,0.12,2026-10-09T22:59:26.361577+00:00
SOL,KXSOLD-26OCT0917-T118.9999,KXSOLD-26OCT0917,8,yes,0.62,2026-10-04T14:08:26.420458+00:00,no,False,-0.62,2026-10-09T22:59:26.361650+00:00
SOL,KXSOLD-26OCT0917-T130.9999,KXSOLD-26OCT0917,8,no,0.85,2026-10-04T18:08:14.095972+00:00,no,True,0.15000000000000002,2026-10-09T22:59:26.361768+00:00
SOL,KXSOLD-26OCT0917-T112.9999,KXSOLD-26OCT0917,9,yes,0.88,2026-10-04T21:19:13.434231+00:00,no,False,-0.88,2026-10-09T22:59:26.361888+00:00
XRP,KXXRPD-26OCT0917-T1.4599,KXXRPD-26OCT0917,9,yes,0.65,2026-10-04T21:19:13.688056+00:00,no,False,-0.65,2026-10-09T22:59:26.361962+00:00
SOL,KXSOLD-26OCT0917-T114.9999,KXSOLD-26OCT0917,8,yes,0.8,2026-10-04T23:59:31.530633+00:00,no,False,-0.8,2026-10-09T22:59:26.362031+00:00
XRP,KXXRPD-26OCT0917-T1.4799,KXXRPD-26OCT0917,9,yes,0.61,2026-10-04T23:59:31.623328+00:00,no,False,-0.61,2026-10-09T22:59:26.362097+00:00
XRP,KXXRPD-26OCT0917-T1.4199,KXXRPD-26OCT0917,8,yes,0.79,2026-10-04T23:59:31.623427+00:00,no,False,-0.79,2026-10-09T22:59:26.362165+00:00
XRP,KXXRPD-26OCT0917-T1.5399,KXXRPD-26OCT0917,10,no,0.6,2026-10-05T04:57:18.690451+00:00,no,True,0.4,2026-10-09T22:59:26.362230+00:00
DOGE,KXDOGED-26OCT0917-T0.1049999,KXDOGED-26OCT0917,5,no,0.8,2026-10-05T12:03:01.099017+00:00,no,True,0.19999999999999996,2026-10-09T22:59:26.362294+00:00
DOGE,KXDOGED-26OCT0917-T0.0899999,KXDOGED-26OCT0917,6,yes,0.71,2026-10-05T12:03:01.099077+00:00,no,False,-0.71,2026-10-09T22:59:26.362375+00:00
DOGE,KXDOGED-26OCT0917-T0.0749999,KXDOGED-26OCT0917,7,yes,0.95,2026-10-05T12:03:01.099127+00:00,yes,True,0.050000000000000044,2026-10-09T22:59:26.362440+00:00
SOL,KXSOLD-26OCT0917-T116.9999,KXSOLD-26OCT0917,3,yes,0.74,2026-10-06T01:23:59.879856+00:00,no,False,-0.74,2026-10-09T22:59:26.362503+00:00
XRP,KXXRPD-26OCT0917-T1.7399,KXXRPD-26OCT0917,10,no,0.9,2026-10-06T01:24:00.121521+00:00,no,True,0.09999999999999998,2026-10-09T22:59:26.362565+00:00
XRP,KXXRPD-26OCT0917-T1.6399,KXXRPD-26OCT0917,14,no,0.85,2026-10-06T01:24:00.121553+00:00,no,True,0.15000000000000002,2026-10-09T22:59:26.362630+00:00
XRP,KXXRPD-26OCT0917-T1.1599,KXXRPD-26OCT0917,8,yes,0.96,2026-10-06T01:24:00.121623+00:00,yes,True,0.040000000000000036,2026-10-09T22:59:26.362692+00:00
DOGE,KXDOGED-26OCT0917-T0.1099999,KXDOGED-26OCT0917,5,no,0.94,2026-10-06T01:24:00.253901+00:00,no,True,0.06000000000000005,2026-10-09T22:59:26.362754+00:00
DOGE,KXDOGED-26OCT0917-T0.1949999,KXDOGED-26OCT0917,7,no,0.91,2026-10-06T07:43:24.022248+00:00,no,True,0.08999999999999997,2026-10-09T22:59:26.362839+00:00
DOGE,KXDOGED-26OCT0917-T0.0699999,KXDOGED-26OCT0917,5,yes,0.94,2026-10-06T14:29:07.223908+00:00,yes,True,0.06000000000000005,2026-10-09T22:59:26.362905+00:00
XRP,KXXRPD-26OCT0917-T1.6799,KXXRPD-26OCT0917,9,no,0.92,2026-10-06T19:44:40.668141+00:00,no,True,0.07999999999999996,2026-10-09T22:59:26.362967+00:00
XRP,KXXRPD-26OCT0917-T1.5999,KXXRPD-26OCT0917,10,no,0.84,2026-10-06T19:44:40.668217+00:00,no,True,0.16000000000000003,2026-10-09T22:59:26.363037+00:00
DOGE,KXDOGED-26OCT0917-T0.1249999,KXDOGED-26OCT0917,5,no,0.94,2026-10-06T19:44:40.710092+00:00,no,True,0.06000000000000005,2026-10-09T22:59:26.363101+00:00
XRP,KXXRPD-26OCT0917-T1.7199,KXXRPD-26OCT0917,8,no,0.92,2026-10-06T23:18:10.964555+00:00,no,True,0.07999999999999996,2026-10-09T22:59:26.363162+00:00
SOL,KXSOLD-26OCT0917-T106.9999,KXSOLD-26OCT0917,9,yes,0.91,2026-10-07T21:23:37.504229+00:00,yes,True,0.08999999999999997,2026-10-09T22:59:26.363224+00:00
SOL,KXSOLD-26OCT0917-T117.9999,KXSOLD-26OCT0917,4,no,0.61,2026-10-08T01:07:01.060252+00:00,no,True,0.39,2026-10-09T22:59:26.363293+00:00
SOL,KXSOLD-26OCT0917-T115.9999,KXSOLD-26OCT0917,3,no,0.83,2026-10-08T14:38:54.425266+00:00,no,True,0.17000000000000004,2026-10-09T22:59:26.363356+00:00
XRP,KXXRPD-26OCT0917-T1.7799,KXXRPD-26OCT0917,8,no,0.95,2026-10-08T14:38:54.506399+00:00,no,True,0.050000000000000044,2026-10-09T22:59:26.363418+00:00
XRP,KXXRPD-26OCT0917-T1.4399,KXXRPD-26OCT0917,9,no,0.74,2026-10-08T14:38:54.506486+00:00,no,True,0.26,2026-10-09T22:59:26.363479+00:00
BNB,KXBNBD-26OCT0917-T894.99,KXBNBD-26OCT0917,11,no,0.99,2026-10-08T20:07:17.564153+00:00,no,True,0.010000000000000009,2026-10-09T22:59:26.363541+00:00
BNB,KXBNBD-26OCT0917-T889.99,KXBNBD-26OCT0917,12,no,0.99,2026-10-08T20:07:17.564222+00:00,no,True,0.010000000000000009,2026-10-09T22:59:26.363604+00:00
BNB,KXBNBD-26OCT0917-T874.99,KXBNBD-26OCT0917,13,no,0.99,2026-10-08T20:07:17.564277+00:00,no,True,0.010000000000000009,2026-10-09T22:59:26.363672+00:00
XRP,KXXRPD-26OCT0917-T1.3599,KXXRPD-26OCT0917,11,yes,0.7,2026-10-09T00:18:25.534494+00:00,yes,True,0.30000000000000004,2026-10-09T22:59:26.363734+00:00
SOL,KXSOLD-26OCT0917-T107.9999,KXSOLD-26OCT0917,6,yes,0.77,2026-10-09T06:19:15.477816+00:00,yes,True,0.22999999999999998,2026-10-09T22:59:26.363823+00:00
XRP,KXXRPD-26OCT0917-T1.5599,KXXRPD-26OCT0917,8,no,0.95,2026-10-09T06:19:15.566905+00:00,no,True,0.050000000000000044,2026-10-09T22:59:26.363895+00:00
XRP,KXXRPD-26OCT0917-T1.5199,KXXRPD-26OCT0917,9,no,0.95,2026-10-09T06:19:15.567001+00:00,no,True,0.050000000000000044,2026-10-09T22:59:26.363969+00:00
HYPE,KXHYPED-26OCT0917-T86.9999,KXHYPED-26OCT0917,5,no,0.84,2026-10-09T13:27:41.600821+00:00,no,True,0.16000000000000003,2026-10-09T22:59:26.364031+00:00
SOL,KXSOLD-26OCT0917-T108.9999,KXSOLD-26OCT0917,9,yes,0.73,2026-10-09T13:27:41.668099+00:00,no,False,-0.73,2026-10-09T22:59:26.364093+00:00
DOGE,KXDOGED-26OCT0917-T0.1999999,KXDOGED-26OCT0917,7,no,0.99,2026-10-09T13:27:41.802250+00:00,no,True,0.010000000000000009,2026-10-09T22:59:26.364154+00:00
DOGE,KXDOGED-26OCT0917-T0.0949999,KXDOGED-26OCT0917,6,no,0.94,2026-10-09T13:27:41.802314+00:00,no,True,0.06000000000000005,2026-10-09T22:59:26.364216+00:00
DOGE,KXDOGED-26OCT0917-T0.0449999,KXDOGED-26OCT0917,5,yes,0.99,2026-10-09T13:27:41.802366+00:00,yes,True,0.010000000000000009,2026-10-09T22:59:26.364278+00:00
SOL,KXSOLD-26OCT0915-T110.2499,KXSOLD-26OCT0915,6,no,0.96,2026-10-09T18:55:17.905782+00:00,no,True,0.040000000000000036,2026-10-09T22:59:26.364346+00:00
SOL,KXSOLD-26OCT0915-T109.4999,KXSOLD-26OCT0915,4,no,0.61,2026-10-09T18:55:17.905832+00:00,no,True,0.39,2026-10-09T22:59:26.364409+00:00
SOL,KXSOLD-26OCT0915-T109.2499,KXSOLD-26OCT0915,3,yes,0.92,2026-10-09T18:55:17.905864+00:00,yes,True,0.07999999999999996,2026-10-09T22:59:26.364470+00:00
SOL,KXSOLD-26OCT0915-T108.9999,KXSOLD-26OCT0915,5,yes,0.96,2026-10-09T18:55:17.905892+00:00,yes,True,0.040000000000000036,2026-10-09T22:59:26.364531+00:00
SOL,KXSOLD-26OCT0915-T108.7499,KXSOLD-26OCT0915,7,yes,0.98,2026-10-09T18:55:17.905919+00:00,yes,True,0.020000000000000018,2026-10-09T22:59:26.364592+00:00
SOL,KXSOLD-26OCT0917-T111.9999,KXSOLD-26OCT0917,9,no,0.96,2026-10-09T18:55:17.906003+00:00,no,True,0.040000000000000036,2026-10-09T22:59:26.364654+00:00
SOL,KXSOLD-26OCT0917-T109.9999,KXSOLD-26OCT0917,5,no,0.72,2026-10-09T18:55:17.906031+00:00,no,True,0.28,2026-10-09T22:59:26.364715+00:00
